unit_id,source_file,doi,journal,publication_year,article_relevance_level,article_subfield_tags,abstract_gate,severity_proxy,unit_sha256_16,word_count,raw_text_stored
CHEM-RU-0001,2026_nchem_s41557-026-02151-4_peer_review.pdf,10.1038/s41557-026-02151-4,Nature Chemistry,2026,high_core,supramolecular_chemistry; photocatalysis; materials_chemistry; photochemistry; spectroscopy,controls_and_validation,specific,c01735fb882370e8,190,no
CHEM-RU-0002,2026_nchem_s41557-026-02151-4_peer_review.pdf,10.1038/s41557-026-02151-4,Nature Chemistry,2026,high_core,supramolecular_chemistry; photocatalysis; materials_chemistry; photochemistry; spectroscopy,claim_evidence_calibration,specific,90cb2ebd591ff7e3,45,no
CHEM-RU-0003,2026_nchem_s41557-026-02151-4_peer_review.pdf,10.1038/s41557-026-02151-4,Nature Chemistry,2026,high_core,supramolecular_chemistry; photocatalysis; materials_chemistry; photochemistry; spectroscopy,reaction_scope_and_selectivity,specific,8539b2b7a1751491,38,no
CHEM-RU-0004,2026_nchem_s41557-026-02151-4_peer_review.pdf,10.1038/s41557-026-02151-4,Nature Chemistry,2026,high_core,supramolecular_chemistry; photocatalysis; materials_chemistry; photochemistry; spectroscopy,catalysis_and_performance,specific,0a6ed244a124ffe2,39,no
CHEM-RU-0005,2026_nchem_s41557-026-02151-4_peer_review.pdf,10.1038/s41557-026-02151-4,Nature Chemistry,2026,high_core,supramolecular_chemistry; photocatalysis; materials_chemistry; photochemistry; spectroscopy,catalysis_and_performance,specific,54c34538f80ef899,28,no
CHEM-RU-0006,2026_nchem_s41557-026-02151-4_peer_review.pdf,10.1038/s41557-026-02151-4,Nature Chemistry,2026,high_core,supramolecular_chemistry; photocatalysis; materials_chemistry; photochemistry; spectroscopy,catalysis_and_performance,specific,6b2d69fbd4d473d1,24,no
CHEM-RU-0007,2026_nchem_s41557-026-02151-4_peer_review.pdf,10.1038/s41557-026-02151-4,Nature Chemistry,2026,high_core,supramolecular_chemistry; photocatalysis; materials_chemistry; photochemistry; spectroscopy,reaction_scope_and_selectivity,specific,23d24489c8ee9c4f,32,no
CHEM-RU-0008,2026_nchem_s41557-026-02151-4_peer_review.pdf,10.1038/s41557-026-02151-4,Nature Chemistry,2026,high_core,supramolecular_chemistry; photocatalysis; materials_chemistry; photochemistry; spectroscopy,synthesis_characterization_and_analytical_evidence,specific,1560e4fecf68354d,45,no
CHEM-RU-0009,2026_nchem_s41557-026-02151-4_peer_review.pdf,10.1038/s41557-026-02151-4,Nature Chemistry,2026,high_core,supramolecular_chemistry; photocatalysis; materials_chemistry; photochemistry; spectroscopy,mechanism_and_causality,specific,6ac5be7e59ecc645,126,no
CHEM-RU-0010,2026_nchem_s41557-026-02151-4_peer_review.pdf,10.1038/s41557-026-02151-4,Nature Chemistry,2026,high_core,supramolecular_chemistry; photocatalysis; materials_chemistry; photochemistry; spectroscopy,mechanism_and_causality,specific,55e9c8d26769b7bb,91,no
CHEM-RU-0011,2026_nchem_s41557-026-02151-4_peer_review.pdf,10.1038/s41557-026-02151-4,Nature Chemistry,2026,high_core,supramolecular_chemistry; photocatalysis; materials_chemistry; photochemistry; spectroscopy,mechanism_and_causality,specific,7ff1732d49ad33dd,67,no
CHEM-RU-0012,2026_nchem_s41557-026-02151-4_peer_review.pdf,10.1038/s41557-026-02151-4,Nature Chemistry,2026,high_core,supramolecular_chemistry; photocatalysis; materials_chemistry; photochemistry; spectroscopy,mechanism_and_causality,specific,bb0bc6a923d30a96,61,no
CHEM-RU-0013,2026_nchem_s41557-026-02151-4_peer_review.pdf,10.1038/s41557-026-02151-4,Nature Chemistry,2026,high_core,supramolecular_chemistry; photocatalysis; materials_chemistry; photochemistry; spectroscopy,detail_audit_and_clarity,specific,915b29db2b676177,36,no
CHEM-RU-0014,2026_nchem_s41557-026-02151-4_peer_review.pdf,10.1038/s41557-026-02151-4,Nature Chemistry,2026,high_core,supramolecular_chemistry; photocatalysis; materials_chemistry; photochemistry; spectroscopy,detail_audit_and_clarity,specific,aaf0c70b79bd4cfe,44,no
CHEM-RU-0015,2026_nchem_s41557-026-02151-4_peer_review.pdf,10.1038/s41557-026-02151-4,Nature Chemistry,2026,high_core,supramolecular_chemistry; photocatalysis; materials_chemistry; photochemistry; spectroscopy,catalysis_and_performance,specific,1e3f3ba86572e040,32,no
CHEM-RU-0016,2026_nchem_s41557-026-02151-4_peer_review.pdf,10.1038/s41557-026-02151-4,Nature Chemistry,2026,high_core,supramolecular_chemistry; photocatalysis; materials_chemistry; photochemistry; spectroscopy,mechanism_and_causality,specific,dc09cdd13135e8cd,42,no
CHEM-RU-0017,2026_nchem_s41557-026-02151-4_peer_review.pdf,10.1038/s41557-026-02151-4,Nature Chemistry,2026,high_core,supramolecular_chemistry; photocatalysis; materials_chemistry; photochemistry; spectroscopy,reaction_scope_and_selectivity,specific,af2eb903fde67a9e,51,no
CHEM-RU-0018,2026_nchem_s41557-026-02151-4_peer_review.pdf,10.1038/s41557-026-02151-4,Nature Chemistry,2026,high_core,supramolecular_chemistry; photocatalysis; materials_chemistry; photochemistry; spectroscopy,novelty_and_positioning,specific,3fd2ee08265c84e5,66,no
CHEM-RU-0019,2026_nchem_s41557-026-02151-4_peer_review.pdf,10.1038/s41557-026-02151-4,Nature Chemistry,2026,high_core,supramolecular_chemistry; photocatalysis; materials_chemistry; photochemistry; spectroscopy,novelty_and_positioning,major,6ef348ad9e539149,58,no
CHEM-RU-0020,2026_nchem_s41557-026-02151-4_peer_review.pdf,10.1038/s41557-026-02151-4,Nature Chemistry,2026,high_core,supramolecular_chemistry; photocatalysis; materials_chemistry; photochemistry; spectroscopy,controls_and_validation,major,f1a21ba138c0ff07,109,no
CHEM-RU-0021,2026_nchem_s41557-026-02155-0_peer_review.pdf,10.1038/s41557-026-02155-0,Nature Chemistry,2026,medium_high_related,chemical_biology; physical_chemistry; spectroscopy; molecular_dynamics,detail_audit_and_clarity,specific,4291441730fb05d8,77,no
CHEM-RU-0022,2026_nchem_s41557-026-02155-0_peer_review.pdf,10.1038/s41557-026-02155-0,Nature Chemistry,2026,medium_high_related,chemical_biology; physical_chemistry; spectroscopy; molecular_dynamics,novelty_and_positioning,major,566abce1c9169201,217,no
CHEM-RU-0023,2026_nchem_s41557-026-02155-0_peer_review.pdf,10.1038/s41557-026-02155-0,Nature Chemistry,2026,medium_high_related,chemical_biology; physical_chemistry; spectroscopy; molecular_dynamics,mechanism_and_causality,specific,45f6f1b41f940d63,84,no
CHEM-RU-0024,2026_nchem_s41557-026-02155-0_peer_review.pdf,10.1038/s41557-026-02155-0,Nature Chemistry,2026,medium_high_related,chemical_biology; physical_chemistry; spectroscopy; molecular_dynamics,catalysis_and_performance,specific,508b72d00556c384,104,no
CHEM-RU-0025,2026_nchem_s41557-026-02155-0_peer_review.pdf,10.1038/s41557-026-02155-0,Nature Chemistry,2026,medium_high_related,chemical_biology; physical_chemistry; spectroscopy; molecular_dynamics,catalysis_and_performance,specific,357405621be06800,25,no
CHEM-RU-0026,2026_nchem_s41557-026-02155-0_peer_review.pdf,10.1038/s41557-026-02155-0,Nature Chemistry,2026,medium_high_related,chemical_biology; physical_chemistry; spectroscopy; molecular_dynamics,detail_audit_and_clarity,specific,4e175e188a61f657,39,no
CHEM-RU-0027,2026_nchem_s41557-026-02155-0_peer_review.pdf,10.1038/s41557-026-02155-0,Nature Chemistry,2026,medium_high_related,chemical_biology; physical_chemistry; spectroscopy; molecular_dynamics,catalysis_and_performance,specific,7af480f84ec1a186,38,no
CHEM-RU-0028,2026_nchem_s41557-026-02155-0_peer_review.pdf,10.1038/s41557-026-02155-0,Nature Chemistry,2026,medium_high_related,chemical_biology; physical_chemistry; spectroscopy; molecular_dynamics,detail_audit_and_clarity,specific,ffc1fe02e2cdd1cd,23,no
CHEM-RU-0029,2026_nchem_s41557-026-02155-0_peer_review.pdf,10.1038/s41557-026-02155-0,Nature Chemistry,2026,medium_high_related,chemical_biology; physical_chemistry; spectroscopy; molecular_dynamics,catalysis_and_performance,specific,a196c3eae19d71c6,20,no
CHEM-RU-0030,2026_nchem_s41557-026-02155-0_peer_review.pdf,10.1038/s41557-026-02155-0,Nature Chemistry,2026,medium_high_related,chemical_biology; physical_chemistry; spectroscopy; molecular_dynamics,claim_evidence_calibration,specific,31efc3f4be9bf5f4,33,no
CHEM-RU-0031,2026_nchem_s41557-026-02155-0_peer_review.pdf,10.1038/s41557-026-02155-0,Nature Chemistry,2026,medium_high_related,chemical_biology; physical_chemistry; spectroscopy; molecular_dynamics,synthesis_characterization_and_analytical_evidence,major,d1a1a62903ccdd84,19,no
CHEM-RU-0032,2026_nchem_s41557-026-02155-0_peer_review.pdf,10.1038/s41557-026-02155-0,Nature Chemistry,2026,medium_high_related,chemical_biology; physical_chemistry; spectroscopy; molecular_dynamics,catalysis_and_performance,specific,4a7c05120e2d342f,29,no
CHEM-RU-0033,2026_nchem_s41557-026-02155-0_peer_review.pdf,10.1038/s41557-026-02155-0,Nature Chemistry,2026,medium_high_related,chemical_biology; physical_chemistry; spectroscopy; molecular_dynamics,catalysis_and_performance,specific,68ccc8ca60ca7df6,130,no
CHEM-RU-0034,2026_nchem_s41557-026-02155-0_peer_review.pdf,10.1038/s41557-026-02155-0,Nature Chemistry,2026,medium_high_related,chemical_biology; physical_chemistry; spectroscopy; molecular_dynamics,synthesis_characterization_and_analytical_evidence,major,e1796b25b66e232c,56,no
CHEM-RU-0035,2025_nature_s41586-025-09184-8_peer_review.pdf,10.1038/s41586-025-09184-8,Nature,2025,high_core,polymer_chemistry; environmental_chemistry; analytical_chemistry; green_chemistry,detail_audit_and_clarity,major,6c7722bc75a3352f,70,no
CHEM-RU-0036,2025_nature_s41586-025-09184-8_peer_review.pdf,10.1038/s41586-025-09184-8,Nature,2025,high_core,polymer_chemistry; environmental_chemistry; analytical_chemistry; green_chemistry,reproducibility_data_and_code,specific,3573de31501d61a4,63,no
CHEM-RU-0037,2025_nature_s41586-025-09184-8_peer_review.pdf,10.1038/s41586-025-09184-8,Nature,2025,high_core,polymer_chemistry; environmental_chemistry; analytical_chemistry; green_chemistry,catalysis_and_performance,major,792c6cd46336fdb6,135,no
CHEM-RU-0038,2025_nature_s41586-025-09519-5_peer_review.pdf,10.1038/s41586-025-09519-5,Nature,2025,high_core,biocatalysis; chemical_biology; cheminformatics; reaction_discovery,catalysis_and_performance,specific,a2d36b4fc8c83f88,58,no
CHEM-RU-0039,2025_nature_s41586-025-09519-5_peer_review.pdf,10.1038/s41586-025-09519-5,Nature,2025,high_core,biocatalysis; chemical_biology; cheminformatics; reaction_discovery,novelty_and_positioning,specific,32ba23f46e6ed3c4,118,no
CHEM-RU-0040,2025_nature_s41586-025-09519-5_peer_review.pdf,10.1038/s41586-025-09519-5,Nature,2025,high_core,biocatalysis; chemical_biology; cheminformatics; reaction_discovery,novelty_and_positioning,specific,ec4007319fb75f4d,89,no
CHEM-RU-0041,2025_nature_s41586-025-09519-5_peer_review.pdf,10.1038/s41586-025-09519-5,Nature,2025,high_core,biocatalysis; chemical_biology; cheminformatics; reaction_discovery,mechanism_and_causality,specific,df98061376f798ad,172,no
CHEM-RU-0042,2025_nature_s41586-025-09519-5_peer_review.pdf,10.1038/s41586-025-09519-5,Nature,2025,high_core,biocatalysis; chemical_biology; cheminformatics; reaction_discovery,catalysis_and_performance,specific,fd13035674c41a17,114,no
CHEM-RU-0043,2025_nature_s41586-025-09519-5_peer_review.pdf,10.1038/s41586-025-09519-5,Nature,2025,high_core,biocatalysis; chemical_biology; cheminformatics; reaction_discovery,catalysis_and_performance,specific,c65de2bf1887718d,47,no
CHEM-RU-0044,2025_nature_s41586-025-09519-5_peer_review.pdf,10.1038/s41586-025-09519-5,Nature,2025,high_core,biocatalysis; chemical_biology; cheminformatics; reaction_discovery,novelty_and_positioning,major,5f701a3fcfb55645,110,no
CHEM-RU-0045,2025_nature_s41586-025-09519-5_peer_review.pdf,10.1038/s41586-025-09519-5,Nature,2025,high_core,biocatalysis; chemical_biology; cheminformatics; reaction_discovery,catalysis_and_performance,specific,0488ed997e81f8df,57,no
CHEM-RU-0046,2025_nature_s41586-025-09519-5_peer_review.pdf,10.1038/s41586-025-09519-5,Nature,2025,high_core,biocatalysis; chemical_biology; cheminformatics; reaction_discovery,catalysis_and_performance,specific,06dc33ea637f5b3e,33,no
CHEM-RU-0047,2025_nature_s41586-025-09519-5_peer_review.pdf,10.1038/s41586-025-09519-5,Nature,2025,high_core,biocatalysis; chemical_biology; cheminformatics; reaction_discovery,catalysis_and_performance,specific,fc67ac3fd45ecb04,44,no
CHEM-RU-0048,2025_nature_s41586-025-09519-5_peer_review.pdf,10.1038/s41586-025-09519-5,Nature,2025,high_core,biocatalysis; chemical_biology; cheminformatics; reaction_discovery,detail_audit_and_clarity,specific,56c6e41cce502b99,69,no
CHEM-RU-0049,2025_nature_s41586-025-09519-5_peer_review.pdf,10.1038/s41586-025-09519-5,Nature,2025,high_core,biocatalysis; chemical_biology; cheminformatics; reaction_discovery,detail_audit_and_clarity,specific,b21ae2e774424f47,37,no
CHEM-RU-0050,2025_nature_s41586-025-09519-5_peer_review.pdf,10.1038/s41586-025-09519-5,Nature,2025,high_core,biocatalysis; chemical_biology; cheminformatics; reaction_discovery,reproducibility_data_and_code,specific,3107f2478b35112a,18,no
CHEM-RU-0051,2025_nature_s41586-025-09519-5_peer_review.pdf,10.1038/s41586-025-09519-5,Nature,2025,high_core,biocatalysis; chemical_biology; cheminformatics; reaction_discovery,catalysis_and_performance,specific,5c951aaf0d9f9b92,106,no
CHEM-RU-0052,2025_nature_s41586-025-09519-5_peer_review.pdf,10.1038/s41586-025-09519-5,Nature,2025,high_core,biocatalysis; chemical_biology; cheminformatics; reaction_discovery,reaction_scope_and_selectivity,specific,6944835eb9cdc542,42,no
CHEM-RU-0053,2025_nature_s41586-025-09519-5_peer_review.pdf,10.1038/s41586-025-09519-5,Nature,2025,high_core,biocatalysis; chemical_biology; cheminformatics; reaction_discovery,catalysis_and_performance,specific,75d8f2c37aad0960,45,no
CHEM-RU-0054,2025_nature_s41586-025-09519-5_peer_review.pdf,10.1038/s41586-025-09519-5,Nature,2025,high_core,biocatalysis; chemical_biology; cheminformatics; reaction_discovery,novelty_and_positioning,specific,6f5dd968028fe59d,62,no
CHEM-RU-0055,2025_nature_s41586-025-09519-5_peer_review.pdf,10.1038/s41586-025-09519-5,Nature,2025,high_core,biocatalysis; chemical_biology; cheminformatics; reaction_discovery,catalysis_and_performance,major,4f235efa9de79c57,45,no
CHEM-RU-0056,2025_nature_s41586-025-09519-5_peer_review.pdf,10.1038/s41586-025-09519-5,Nature,2025,high_core,biocatalysis; chemical_biology; cheminformatics; reaction_discovery,catalysis_and_performance,specific,3b5f4b2ca3480d18,66,no
CHEM-RU-0057,2025_nature_s41586-025-09519-5_peer_review.pdf,10.1038/s41586-025-09519-5,Nature,2025,high_core,biocatalysis; chemical_biology; cheminformatics; reaction_discovery,catalysis_and_performance,specific,f96ae4ea3e270a1c,66,no
CHEM-RU-0058,2025_nature_s41586-025-09791-5_peer_review.pdf,10.1038/s41586-025-09791-5,Nature,2025,high_core,organic_synthesis; synthetic_chemistry_methodology; reaction_mechanism; medicinal_chemistry,catalysis_and_performance,specific,36afd2059d355ec2,53,no
CHEM-RU-0059,2025_nature_s41586-025-09791-5_peer_review.pdf,10.1038/s41586-025-09791-5,Nature,2025,high_core,organic_synthesis; synthetic_chemistry_methodology; reaction_mechanism; medicinal_chemistry,novelty_and_positioning,major,f3f4186c07ff0023,248,no
CHEM-RU-0060,2025_nature_s41586-025-09791-5_peer_review.pdf,10.1038/s41586-025-09791-5,Nature,2025,high_core,organic_synthesis; synthetic_chemistry_methodology; reaction_mechanism; medicinal_chemistry,catalysis_and_performance,specific,36f33539c5b75198,126,no
CHEM-RU-0061,2025_nature_s41586-025-09791-5_peer_review.pdf,10.1038/s41586-025-09791-5,Nature,2025,high_core,organic_synthesis; synthetic_chemistry_methodology; reaction_mechanism; medicinal_chemistry,controls_and_validation,specific,c29cfe41a8d20ecf,201,no
CHEM-RU-0062,2025_nature_s41586-025-09791-5_peer_review.pdf,10.1038/s41586-025-09791-5,Nature,2025,high_core,organic_synthesis; synthetic_chemistry_methodology; reaction_mechanism; medicinal_chemistry,catalysis_and_performance,specific,db83f408d702e329,116,no
CHEM-RU-0063,2025_nature_s41586-025-09791-5_peer_review.pdf,10.1038/s41586-025-09791-5,Nature,2025,high_core,organic_synthesis; synthetic_chemistry_methodology; reaction_mechanism; medicinal_chemistry,novelty_and_positioning,specific,d926ade9bafacaa1,95,no
CHEM-RU-0064,2025_nature_s41586-025-09791-5_peer_review.pdf,10.1038/s41586-025-09791-5,Nature,2025,high_core,organic_synthesis; synthetic_chemistry_methodology; reaction_mechanism; medicinal_chemistry,mechanism_and_causality,major,c0f8b68e5ef49edb,224,no
CHEM-RU-0065,2025_nature_s41586-025-09791-5_peer_review.pdf,10.1038/s41586-025-09791-5,Nature,2025,high_core,organic_synthesis; synthetic_chemistry_methodology; reaction_mechanism; medicinal_chemistry,claim_evidence_calibration,specific,5b6197439f4b65af,59,no
CHEM-RU-0066,2025_nature_s41586-025-09791-5_peer_review.pdf,10.1038/s41586-025-09791-5,Nature,2025,high_core,organic_synthesis; synthetic_chemistry_methodology; reaction_mechanism; medicinal_chemistry,novelty_and_positioning,specific,c8fadf7045247159,138,no
CHEM-RU-0067,2025_nature_s41586-025-09791-5_peer_review.pdf,10.1038/s41586-025-09791-5,Nature,2025,high_core,organic_synthesis; synthetic_chemistry_methodology; reaction_mechanism; medicinal_chemistry,detail_audit_and_clarity,major,d500c0c2e458b671,67,no
CHEM-RU-0068,2025_nature_s41586-025-09791-5_peer_review.pdf,10.1038/s41586-025-09791-5,Nature,2025,high_core,organic_synthesis; synthetic_chemistry_methodology; reaction_mechanism; medicinal_chemistry,claim_evidence_calibration,specific,9397232c7b796a17,62,no
CHEM-RU-0069,2025_nature_s41586-025-09791-5_peer_review.pdf,10.1038/s41586-025-09791-5,Nature,2025,high_core,organic_synthesis; synthetic_chemistry_methodology; reaction_mechanism; medicinal_chemistry,reaction_scope_and_selectivity,major,b9812862c28cfadd,186,no
CHEM-RU-0070,2025_nature_s41586-025-09791-5_peer_review.pdf,10.1038/s41586-025-09791-5,Nature,2025,high_core,organic_synthesis; synthetic_chemistry_methodology; reaction_mechanism; medicinal_chemistry,novelty_and_positioning,specific,bdc2325ca2fe756d,60,no
CHEM-RU-0071,2025_nature_s41586-025-09791-5_peer_review.pdf,10.1038/s41586-025-09791-5,Nature,2025,high_core,organic_synthesis; synthetic_chemistry_methodology; reaction_mechanism; medicinal_chemistry,catalysis_and_performance,specific,cd9a54aa783f84fe,131,no
CHEM-RU-0072,2025_nature_s41586-025-09791-5_peer_review.pdf,10.1038/s41586-025-09791-5,Nature,2025,high_core,organic_synthesis; synthetic_chemistry_methodology; reaction_mechanism; medicinal_chemistry,catalysis_and_performance,specific,e249eb43ed33705f,121,no
CHEM-RU-0073,2025_nature_s41586-025-09791-5_peer_review.pdf,10.1038/s41586-025-09791-5,Nature,2025,high_core,organic_synthesis; synthetic_chemistry_methodology; reaction_mechanism; medicinal_chemistry,reaction_scope_and_selectivity,specific,c5ad76a052b9f8b7,29,no
CHEM-RU-0074,2025_nature_s41586-025-09791-5_peer_review.pdf,10.1038/s41586-025-09791-5,Nature,2025,high_core,organic_synthesis; synthetic_chemistry_methodology; reaction_mechanism; medicinal_chemistry,novelty_and_positioning,specific,0abf4caa25db9104,68,no
CHEM-RU-0075,2025_nature_s41586-025-09791-5_peer_review.pdf,10.1038/s41586-025-09791-5,Nature,2025,high_core,organic_synthesis; synthetic_chemistry_methodology; reaction_mechanism; medicinal_chemistry,claim_evidence_calibration,specific,6196f2d9bf5490da,28,no
CHEM-RU-0076,2026_nature_s41586-025-10002-4_peer_review.pdf,10.1038/s41586-025-10002-4,Nature,2026,high_core,organic_synthesis; electrochemistry; reaction_mechanism,catalysis_and_performance,specific,040723db562954eb,57,no
CHEM-RU-0077,2026_nature_s41586-025-10002-4_peer_review.pdf,10.1038/s41586-025-10002-4,Nature,2026,high_core,organic_synthesis; electrochemistry; reaction_mechanism,novelty_and_positioning,specific,1986998e62727e2b,179,no
CHEM-RU-0078,2026_nature_s41586-025-10002-4_peer_review.pdf,10.1038/s41586-025-10002-4,Nature,2026,high_core,organic_synthesis; electrochemistry; reaction_mechanism,mechanism_and_causality,specific,99c5378ee760c492,26,no
CHEM-RU-0079,2026_nature_s41586-025-10002-4_peer_review.pdf,10.1038/s41586-025-10002-4,Nature,2026,high_core,organic_synthesis; electrochemistry; reaction_mechanism,controls_and_validation,specific,206652080e715b08,139,no
CHEM-RU-0080,2026_nature_s41586-025-10002-4_peer_review.pdf,10.1038/s41586-025-10002-4,Nature,2026,high_core,organic_synthesis; electrochemistry; reaction_mechanism,novelty_and_positioning,major,86d1e6b4adcfb53d,112,no
CHEM-RU-0081,2025_nature_s41586-025-09291-6_peer_review.pdf,10.1038/s41586-025-09291-6,Nature,2025,high_core,chemical_biology; redox_chemistry; molecular_design; reaction_mechanism,controls_and_validation,specific,571323861b1601d7,73,no
CHEM-RU-0082,2025_nature_s41586-025-09291-6_peer_review.pdf,10.1038/s41586-025-09291-6,Nature,2025,high_core,chemical_biology; redox_chemistry; molecular_design; reaction_mechanism,controls_and_validation,specific,560aa76f5190b6dd,101,no
CHEM-RU-0083,2025_nature_s41586-025-09291-6_peer_review.pdf,10.1038/s41586-025-09291-6,Nature,2025,high_core,chemical_biology; redox_chemistry; molecular_design; reaction_mechanism,catalysis_and_performance,major,b87ca0c1b1db2906,127,no
CHEM-RU-0084,2025_nature_s41586-025-09291-6_peer_review.pdf,10.1038/s41586-025-09291-6,Nature,2025,high_core,chemical_biology; redox_chemistry; molecular_design; reaction_mechanism,detail_audit_and_clarity,specific,24493a8f72c774b7,39,no
CHEM-RU-0085,2025_nature_s41586-025-09291-6_peer_review.pdf,10.1038/s41586-025-09291-6,Nature,2025,high_core,chemical_biology; redox_chemistry; molecular_design; reaction_mechanism,controls_and_validation,specific,5599f9274579b751,65,no
CHEM-RU-0086,2025_nature_s41586-025-09291-6_peer_review.pdf,10.1038/s41586-025-09291-6,Nature,2025,high_core,chemical_biology; redox_chemistry; molecular_design; reaction_mechanism,catalysis_and_performance,specific,61344b5c6f6c6d74,130,no
CHEM-RU-0087,2025_nature_s41586-025-09291-6_peer_review.pdf,10.1038/s41586-025-09291-6,Nature,2025,high_core,chemical_biology; redox_chemistry; molecular_design; reaction_mechanism,novelty_and_positioning,specific,48326c46dad1db40,66,no
CHEM-RU-0088,2025_nature_s41586-025-09291-6_peer_review.pdf,10.1038/s41586-025-09291-6,Nature,2025,high_core,chemical_biology; redox_chemistry; molecular_design; reaction_mechanism,mechanism_and_causality,specific,8b82c4298cbd0ed2,85,no
CHEM-RU-0089,2025_nature_s41586-025-09291-6_peer_review.pdf,10.1038/s41586-025-09291-6,Nature,2025,high_core,chemical_biology; redox_chemistry; molecular_design; reaction_mechanism,mechanism_and_causality,specific,b1518542d701ce57,184,no
CHEM-RU-0090,2025_nature_s41586-025-09291-6_peer_review.pdf,10.1038/s41586-025-09291-6,Nature,2025,high_core,chemical_biology; redox_chemistry; molecular_design; reaction_mechanism,reaction_scope_and_selectivity,specific,3de482982eddd45f,81,no
CHEM-RU-0091,2025_nature_s41586-025-09291-6_peer_review.pdf,10.1038/s41586-025-09291-6,Nature,2025,high_core,chemical_biology; redox_chemistry; molecular_design; reaction_mechanism,mechanism_and_causality,specific,b761916904bc428f,140,no
CHEM-RU-0092,2025_nature_s41586-025-09291-6_peer_review.pdf,10.1038/s41586-025-09291-6,Nature,2025,high_core,chemical_biology; redox_chemistry; molecular_design; reaction_mechanism,novelty_and_positioning,specific,a17271c1610d620e,24,no
CHEM-RU-0093,2025_nature_s41586-025-09291-6_peer_review.pdf,10.1038/s41586-025-09291-6,Nature,2025,high_core,chemical_biology; redox_chemistry; molecular_design; reaction_mechanism,novelty_and_positioning,specific,5dbd0fd63699c782,148,no
CHEM-RU-0094,2025_nature_s41586-025-09291-6_peer_review.pdf,10.1038/s41586-025-09291-6,Nature,2025,high_core,chemical_biology; redox_chemistry; molecular_design; reaction_mechanism,catalysis_and_performance,specific,470d24494432ea0e,93,no
CHEM-RU-0095,2025_nature_s41586-025-09291-6_peer_review.pdf,10.1038/s41586-025-09291-6,Nature,2025,high_core,chemical_biology; redox_chemistry; molecular_design; reaction_mechanism,novelty_and_positioning,specific,e11e4965d924ef82,105,no
CHEM-RU-0096,2025_nature_s41586-025-09291-6_peer_review.pdf,10.1038/s41586-025-09291-6,Nature,2025,high_core,chemical_biology; redox_chemistry; molecular_design; reaction_mechanism,catalysis_and_performance,specific,8809a3185158f715,45,no
CHEM-RU-0097,2025_nature_s41586-025-09291-6_peer_review.pdf,10.1038/s41586-025-09291-6,Nature,2025,high_core,chemical_biology; redox_chemistry; molecular_design; reaction_mechanism,catalysis_and_performance,specific,47c9a6e30f882da9,34,no
CHEM-RU-0098,2025_nature_s41586-025-09291-6_peer_review.pdf,10.1038/s41586-025-09291-6,Nature,2025,high_core,chemical_biology; redox_chemistry; molecular_design; reaction_mechanism,catalysis_and_performance,specific,c3dc251f6e2e301c,56,no
CHEM-RU-0099,2025_nature_s41586-025-09291-6_peer_review.pdf,10.1038/s41586-025-09291-6,Nature,2025,high_core,chemical_biology; redox_chemistry; molecular_design; reaction_mechanism,catalysis_and_performance,specific,16f5e0123208c7f1,54,no
CHEM-RU-0100,2025_nature_s41586-025-09291-6_peer_review.pdf,10.1038/s41586-025-09291-6,Nature,2025,high_core,chemical_biology; redox_chemistry; molecular_design; reaction_mechanism,catalysis_and_performance,major,125e892b664be5a5,195,no
CHEM-RU-0101,2024_ncomms_s41467-024-48727-x_peer_review.pdf,10.1038/s41467-024-48727-x,Nature Communications,2024,high_core,organic_synthesis; organocatalysis; asymmetric_catalysis; stereoselectivity,mechanism_and_causality,specific,13432ae6037ec9cd,168,no
CHEM-RU-0102,2024_ncomms_s41467-024-48727-x_peer_review.pdf,10.1038/s41467-024-48727-x,Nature Communications,2024,high_core,organic_synthesis; organocatalysis; asymmetric_catalysis; stereoselectivity,novelty_and_positioning,major,6dbc36f5776cc887,96,no
CHEM-RU-0103,2025_ncomms_s41467-025-63036-7_peer_review.pdf,10.1038/s41467-025-63036-7,Nature Communications,2025,high_core,cheminformatics; computational_chemistry; retrosynthesis; AI_for_chemistry,catalysis_and_performance,specific,8adb9f7952ce2c6f,159,no
CHEM-RU-0104,2025_ncomms_s41467-025-63036-7_peer_review.pdf,10.1038/s41467-025-63036-7,Nature Communications,2025,high_core,cheminformatics; computational_chemistry; retrosynthesis; AI_for_chemistry,catalysis_and_performance,specific,0815bbc636e86615,24,no
CHEM-RU-0105,2025_ncomms_s41467-025-63036-7_peer_review.pdf,10.1038/s41467-025-63036-7,Nature Communications,2025,high_core,cheminformatics; computational_chemistry; retrosynthesis; AI_for_chemistry,detail_audit_and_clarity,major,02058f6f51515476,18,no
CHEM-RU-0106,2025_ncomms_s41467-025-63036-7_peer_review.pdf,10.1038/s41467-025-63036-7,Nature Communications,2025,high_core,cheminformatics; computational_chemistry; retrosynthesis; AI_for_chemistry,mechanism_and_causality,specific,6743273829dbd71a,64,no
CHEM-RU-0107,2025_ncomms_s41467-025-63036-7_peer_review.pdf,10.1038/s41467-025-63036-7,Nature Communications,2025,high_core,cheminformatics; computational_chemistry; retrosynthesis; AI_for_chemistry,catalysis_and_performance,specific,13938ecce22bfabd,58,no
CHEM-RU-0108,2025_ncomms_s41467-025-63036-7_peer_review.pdf,10.1038/s41467-025-63036-7,Nature Communications,2025,high_core,cheminformatics; computational_chemistry; retrosynthesis; AI_for_chemistry,catalysis_and_performance,specific,5aa7d800e6fd97dc,75,no
CHEM-RU-0109,2025_ncomms_s41467-025-63036-7_peer_review.pdf,10.1038/s41467-025-63036-7,Nature Communications,2025,high_core,cheminformatics; computational_chemistry; retrosynthesis; AI_for_chemistry,novelty_and_positioning,specific,8128dee304f51854,190,no
CHEM-RU-0110,2025_ncomms_s41467-025-63036-7_peer_review.pdf,10.1038/s41467-025-63036-7,Nature Communications,2025,high_core,cheminformatics; computational_chemistry; retrosynthesis; AI_for_chemistry,catalysis_and_performance,major,12295568ca3c5275,29,no
CHEM-RU-0111,2025_ncomms_s41467-025-63036-7_peer_review.pdf,10.1038/s41467-025-63036-7,Nature Communications,2025,high_core,cheminformatics; computational_chemistry; retrosynthesis; AI_for_chemistry,novelty_and_positioning,major,c60d50b3a2b777e6,210,no
CHEM-RU-0112,2025_ncomms_s41467-025-63036-7_peer_review.pdf,10.1038/s41467-025-63036-7,Nature Communications,2025,high_core,cheminformatics; computational_chemistry; retrosynthesis; AI_for_chemistry,novelty_and_positioning,specific,b7d986f566140e46,69,no
CHEM-RU-0113,2025_ncomms_s41467-025-63036-7_peer_review.pdf,10.1038/s41467-025-63036-7,Nature Communications,2025,high_core,cheminformatics; computational_chemistry; retrosynthesis; AI_for_chemistry,reaction_scope_and_selectivity,specific,3173e562af047365,79,no
CHEM-RU-0114,2025_ncomms_s41467-025-63036-7_peer_review.pdf,10.1038/s41467-025-63036-7,Nature Communications,2025,high_core,cheminformatics; computational_chemistry; retrosynthesis; AI_for_chemistry,detail_audit_and_clarity,specific,1c8b4d5e829fdcea,52,no
CHEM-RU-0115,2025_ncomms_s41467-025-63036-7_peer_review.pdf,10.1038/s41467-025-63036-7,Nature Communications,2025,high_core,cheminformatics; computational_chemistry; retrosynthesis; AI_for_chemistry,reaction_scope_and_selectivity,specific,0b0f6906f6854cb4,88,no
CHEM-RU-0116,2025_ncomms_s41467-025-57568-1_peer_review.pdf,10.1038/s41467-025-57568-1,Nature Communications,2025,high_core,inorganic_chemistry; organometallic_chemistry; coordination_chemistry,novelty_and_positioning,specific,3c0fe6c19c2e7b8a,288,no
CHEM-RU-0117,2025_ncomms_s41467-025-57568-1_peer_review.pdf,10.1038/s41467-025-57568-1,Nature Communications,2025,high_core,inorganic_chemistry; organometallic_chemistry; coordination_chemistry,catalysis_and_performance,major,de882773f2bffc0c,73,no
CHEM-RU-0118,2025_ncomms_s41467-025-57568-1_peer_review.pdf,10.1038/s41467-025-57568-1,Nature Communications,2025,high_core,inorganic_chemistry; organometallic_chemistry; coordination_chemistry,catalysis_and_performance,specific,08de8b107db5cd80,74,no
CHEM-RU-0119,2025_ncomms_s41467-025-57568-1_peer_review.pdf,10.1038/s41467-025-57568-1,Nature Communications,2025,high_core,inorganic_chemistry; organometallic_chemistry; coordination_chemistry,synthesis_characterization_and_analytical_evidence,specific,e240700fafc9dae6,29,no
CHEM-RU-0120,2025_ncomms_s41467-025-57568-1_peer_review.pdf,10.1038/s41467-025-57568-1,Nature Communications,2025,high_core,inorganic_chemistry; organometallic_chemistry; coordination_chemistry,reaction_scope_and_selectivity,specific,b65afff2a649b2ca,32,no
CHEM-RU-0121,2025_ncomms_s41467-025-57568-1_peer_review.pdf,10.1038/s41467-025-57568-1,Nature Communications,2025,high_core,inorganic_chemistry; organometallic_chemistry; coordination_chemistry,synthesis_characterization_and_analytical_evidence,specific,7a1877c5475844f5,27,no
CHEM-RU-0122,2025_ncomms_s41467-025-57568-1_peer_review.pdf,10.1038/s41467-025-57568-1,Nature Communications,2025,high_core,inorganic_chemistry; organometallic_chemistry; coordination_chemistry,novelty_and_positioning,major,c9964ebd1ec3f7cb,170,no
CHEM-RU-0123,2025_ncomms_s41467-025-57568-1_peer_review.pdf,10.1038/s41467-025-57568-1,Nature Communications,2025,high_core,inorganic_chemistry; organometallic_chemistry; coordination_chemistry,catalysis_and_performance,specific,09d10b9e84299962,44,no
CHEM-RU-0124,2025_ncomms_s41467-025-57568-1_peer_review.pdf,10.1038/s41467-025-57568-1,Nature Communications,2025,high_core,inorganic_chemistry; organometallic_chemistry; coordination_chemistry,mechanism_and_causality,specific,321ec3cde47f13ec,22,no
CHEM-RU-0125,2025_ncomms_s41467-025-57568-1_peer_review.pdf,10.1038/s41467-025-57568-1,Nature Communications,2025,high_core,inorganic_chemistry; organometallic_chemistry; coordination_chemistry,synthesis_characterization_and_analytical_evidence,specific,816c42e25fd40005,24,no
CHEM-RU-0126,2025_ncomms_s41467-025-57568-1_peer_review.pdf,10.1038/s41467-025-57568-1,Nature Communications,2025,high_core,inorganic_chemistry; organometallic_chemistry; coordination_chemistry,catalysis_and_performance,major,d582ca2f4f987fa0,93,no
CHEM-RU-0127,2025_ncomms_s41467-025-57568-1_peer_review.pdf,10.1038/s41467-025-57568-1,Nature Communications,2025,high_core,inorganic_chemistry; organometallic_chemistry; coordination_chemistry,catalysis_and_performance,specific,71caa20fb6d0362a,78,no
CHEM-RU-0128,2025_ncomms_s41467-025-57568-1_peer_review.pdf,10.1038/s41467-025-57568-1,Nature Communications,2025,high_core,inorganic_chemistry; organometallic_chemistry; coordination_chemistry,synthesis_characterization_and_analytical_evidence,specific,4ed5263abb308d15,38,no
CHEM-RU-0129,2025_ncomms_s41467-025-57568-1_peer_review.pdf,10.1038/s41467-025-57568-1,Nature Communications,2025,high_core,inorganic_chemistry; organometallic_chemistry; coordination_chemistry,synthesis_characterization_and_analytical_evidence,specific,bc27e93a386efba5,23,no
CHEM-RU-0130,2025_ncomms_s41467-025-57568-1_peer_review.pdf,10.1038/s41467-025-57568-1,Nature Communications,2025,high_core,inorganic_chemistry; organometallic_chemistry; coordination_chemistry,computational_model_assumptions,specific,4e76350ee0f8d8da,23,no
CHEM-RU-0131,2025_ncomms_s41467-025-57568-1_peer_review.pdf,10.1038/s41467-025-57568-1,Nature Communications,2025,high_core,inorganic_chemistry; organometallic_chemistry; coordination_chemistry,catalysis_and_performance,specific,cc271d340420d9a4,67,no
CHEM-RU-0132,2025_ncomms_s41467-025-57568-1_peer_review.pdf,10.1038/s41467-025-57568-1,Nature Communications,2025,high_core,inorganic_chemistry; organometallic_chemistry; coordination_chemistry,mechanism_and_causality,specific,5176af5078935a95,188,no
CHEM-RU-0133,2025_ncomms_s41467-025-57568-1_peer_review.pdf,10.1038/s41467-025-57568-1,Nature Communications,2025,high_core,inorganic_chemistry; organometallic_chemistry; coordination_chemistry,detail_audit_and_clarity,specific,37c02d5183970339,82,no
CHEM-RU-0134,2025_ncomms_s41467-025-57568-1_peer_review.pdf,10.1038/s41467-025-57568-1,Nature Communications,2025,high_core,inorganic_chemistry; organometallic_chemistry; coordination_chemistry,catalysis_and_performance,major,3c6bc0d7076f7e91,35,no
CHEM-RU-0135,2025_ncomms_s41467-025-57568-1_peer_review.pdf,10.1038/s41467-025-57568-1,Nature Communications,2025,high_core,inorganic_chemistry; organometallic_chemistry; coordination_chemistry,synthesis_characterization_and_analytical_evidence,specific,f180be0c6b2b613b,143,no
CHEM-RU-0136,2025_ncomms_s41467-025-67341-z_peer_review.pdf,10.1038/s41467-025-67341-z,Nature Communications,2025,high_core,coordination_chemistry; high_throughput_chemistry; click_chemistry,novelty_and_positioning,major,f57b29a04b2b1129,167,no
CHEM-RU-0137,2025_ncomms_s41467-025-67341-z_peer_review.pdf,10.1038/s41467-025-67341-z,Nature Communications,2025,high_core,coordination_chemistry; high_throughput_chemistry; click_chemistry,novelty_and_positioning,specific,363011de776e8fc1,128,no
CHEM-RU-0138,2025_ncomms_s41467-025-67341-z_peer_review.pdf,10.1038/s41467-025-67341-z,Nature Communications,2025,high_core,coordination_chemistry; high_throughput_chemistry; click_chemistry,detail_audit_and_clarity,specific,bfe844a0a057d77d,45,no
CHEM-RU-0139,2025_ncomms_s41467-025-67341-z_peer_review.pdf,10.1038/s41467-025-67341-z,Nature Communications,2025,high_core,coordination_chemistry; high_throughput_chemistry; click_chemistry,catalysis_and_performance,specific,655f7da798a2651c,57,no
CHEM-RU-0140,2025_ncomms_s41467-025-67341-z_peer_review.pdf,10.1038/s41467-025-67341-z,Nature Communications,2025,high_core,coordination_chemistry; high_throughput_chemistry; click_chemistry,detail_audit_and_clarity,specific,3821e1acff9fcccc,40,no
CHEM-RU-0141,2025_ncomms_s41467-025-67341-z_peer_review.pdf,10.1038/s41467-025-67341-z,Nature Communications,2025,high_core,coordination_chemistry; high_throughput_chemistry; click_chemistry,catalysis_and_performance,specific,7e58a09341b6d3b3,30,no
CHEM-RU-0142,2025_ncomms_s41467-025-67341-z_peer_review.pdf,10.1038/s41467-025-67341-z,Nature Communications,2025,high_core,coordination_chemistry; high_throughput_chemistry; click_chemistry,reaction_scope_and_selectivity,specific,c7736e8a3e9b70f0,33,no
CHEM-RU-0143,2025_ncomms_s41467-025-67341-z_peer_review.pdf,10.1038/s41467-025-67341-z,Nature Communications,2025,high_core,coordination_chemistry; high_throughput_chemistry; click_chemistry,catalysis_and_performance,specific,d9771c0052712cb7,38,no
CHEM-RU-0144,2025_ncomms_s41467-025-67341-z_peer_review.pdf,10.1038/s41467-025-67341-z,Nature Communications,2025,high_core,coordination_chemistry; high_throughput_chemistry; click_chemistry,mechanism_and_causality,specific,428a44c777626a7a,26,no
CHEM-RU-0145,2025_ncomms_s41467-025-67341-z_peer_review.pdf,10.1038/s41467-025-67341-z,Nature Communications,2025,high_core,coordination_chemistry; high_throughput_chemistry; click_chemistry,detail_audit_and_clarity,specific,32dba47a11d7570e,58,no
CHEM-RU-0146,2025_ncomms_s41467-025-67341-z_peer_review.pdf,10.1038/s41467-025-67341-z,Nature Communications,2025,high_core,coordination_chemistry; high_throughput_chemistry; click_chemistry,catalysis_and_performance,specific,5dd9ca22f36770e4,119,no
CHEM-RU-0147,2025_ncomms_s41467-025-67341-z_peer_review.pdf,10.1038/s41467-025-67341-z,Nature Communications,2025,high_core,coordination_chemistry; high_throughput_chemistry; click_chemistry,detail_audit_and_clarity,specific,b786ee60e1446a9b,40,no
CHEM-RU-0148,2025_ncomms_s41467-025-67341-z_peer_review.pdf,10.1038/s41467-025-67341-z,Nature Communications,2025,high_core,coordination_chemistry; high_throughput_chemistry; click_chemistry,novelty_and_positioning,major,9201c336dbfd02f5,168,no
CHEM-RU-0149,2025_ncomms_s41467-025-67341-z_peer_review.pdf,10.1038/s41467-025-67341-z,Nature Communications,2025,high_core,coordination_chemistry; high_throughput_chemistry; click_chemistry,novelty_and_positioning,specific,2e89d73a40a80523,56,no
CHEM-RU-0150,2025_ncomms_s41467-025-67341-z_peer_review.pdf,10.1038/s41467-025-67341-z,Nature Communications,2025,high_core,coordination_chemistry; high_throughput_chemistry; click_chemistry,novelty_and_positioning,major,2330c1b105805a67,215,no
CHEM-RU-0151,2025_ncomms_s41467-025-67341-z_peer_review.pdf,10.1038/s41467-025-67341-z,Nature Communications,2025,high_core,coordination_chemistry; high_throughput_chemistry; click_chemistry,novelty_and_positioning,specific,2f9c172cd8e4a047,126,no
CHEM-RU-0152,2025_ncomms_s41467-025-67341-z_peer_review.pdf,10.1038/s41467-025-67341-z,Nature Communications,2025,high_core,coordination_chemistry; high_throughput_chemistry; click_chemistry,novelty_and_positioning,specific,0cb3bb8d99d733fe,43,no
CHEM-RU-0153,2025_ncomms_s41467-025-67341-z_peer_review.pdf,10.1038/s41467-025-67341-z,Nature Communications,2025,high_core,coordination_chemistry; high_throughput_chemistry; click_chemistry,catalysis_and_performance,specific,474ebf15f3e106e5,49,no
CHEM-RU-0154,2025_ncomms_s41467-025-67341-z_peer_review.pdf,10.1038/s41467-025-67341-z,Nature Communications,2025,high_core,coordination_chemistry; high_throughput_chemistry; click_chemistry,detail_audit_and_clarity,specific,0d509baff1fa270c,23,no
CHEM-RU-0155,2025_ncomms_s41467-025-67341-z_peer_review.pdf,10.1038/s41467-025-67341-z,Nature Communications,2025,high_core,coordination_chemistry; high_throughput_chemistry; click_chemistry,novelty_and_positioning,specific,bc894ca6b5ed2852,198,no
CHEM-RU-0156,2025_ncomms_s41467-025-62717-7_peer_review.pdf,10.1038/s41467-025-62717-7,Nature Communications,2025,high_core,computational_chemistry; cheminformatics; molecular_property_prediction,catalysis_and_performance,specific,317b0afd0c0ab22e,84,no
CHEM-RU-0157,2025_ncomms_s41467-025-62717-7_peer_review.pdf,10.1038/s41467-025-62717-7,Nature Communications,2025,high_core,computational_chemistry; cheminformatics; molecular_property_prediction,statistical_inference_and_uncertainty,specific,e2adacc2a1546853,124,no
CHEM-RU-0158,2025_ncomms_s41467-025-62717-7_peer_review.pdf,10.1038/s41467-025-62717-7,Nature Communications,2025,high_core,computational_chemistry; cheminformatics; molecular_property_prediction,computational_model_assumptions,specific,80914f20c45c15f6,61,no
CHEM-RU-0159,2025_ncomms_s41467-025-62717-7_peer_review.pdf,10.1038/s41467-025-62717-7,Nature Communications,2025,high_core,computational_chemistry; cheminformatics; molecular_property_prediction,reaction_scope_and_selectivity,major,e71ae3b786b0f49b,75,no
CHEM-RU-0160,2025_ncomms_s41467-025-62717-7_peer_review.pdf,10.1038/s41467-025-62717-7,Nature Communications,2025,high_core,computational_chemistry; cheminformatics; molecular_property_prediction,catalysis_and_performance,specific,566d0d18bc793075,92,no
CHEM-RU-0161,2025_ncomms_s41467-025-62717-7_peer_review.pdf,10.1038/s41467-025-62717-7,Nature Communications,2025,high_core,computational_chemistry; cheminformatics; molecular_property_prediction,novelty_and_positioning,major,650f7e72274a1e37,243,no
CHEM-RU-0162,2025_ncomms_s41467-025-62717-7_peer_review.pdf,10.1038/s41467-025-62717-7,Nature Communications,2025,high_core,computational_chemistry; cheminformatics; molecular_property_prediction,catalysis_and_performance,specific,8368968158891a1a,189,no
CHEM-RU-0163,2025_ncomms_s41467-025-62717-7_peer_review.pdf,10.1038/s41467-025-62717-7,Nature Communications,2025,high_core,computational_chemistry; cheminformatics; molecular_property_prediction,computational_model_assumptions,specific,80ccf34ae6f6904b,96,no
CHEM-RU-0164,2025_ncomms_s41467-025-62717-7_peer_review.pdf,10.1038/s41467-025-62717-7,Nature Communications,2025,high_core,computational_chemistry; cheminformatics; molecular_property_prediction,novelty_and_positioning,major,0bfd0d12558955ce,149,no
CHEM-RU-0165,2025_ncomms_s41467-025-62717-7_peer_review.pdf,10.1038/s41467-025-62717-7,Nature Communications,2025,high_core,computational_chemistry; cheminformatics; molecular_property_prediction,catalysis_and_performance,specific,89050816cb2ad89f,92,no
CHEM-RU-0166,2025_ncomms_s41467-025-62717-7_peer_review.pdf,10.1038/s41467-025-62717-7,Nature Communications,2025,high_core,computational_chemistry; cheminformatics; molecular_property_prediction,novelty_and_positioning,specific,140d9070249e5c2b,89,no
CHEM-RU-0167,2025_ncomms_s41467-025-62717-7_peer_review.pdf,10.1038/s41467-025-62717-7,Nature Communications,2025,high_core,computational_chemistry; cheminformatics; molecular_property_prediction,catalysis_and_performance,major,93ccc0ad60827022,240,no
CHEM-RU-0168,2025_ncomms_s41467-025-62717-7_peer_review.pdf,10.1038/s41467-025-62717-7,Nature Communications,2025,high_core,computational_chemistry; cheminformatics; molecular_property_prediction,synthesis_characterization_and_analytical_evidence,major,3f5673b190740738,82,no
CHEM-RU-0169,2025_ncomms_s41467-025-62717-7_peer_review.pdf,10.1038/s41467-025-62717-7,Nature Communications,2025,high_core,computational_chemistry; cheminformatics; molecular_property_prediction,catalysis_and_performance,specific,77f296bd11f81cc5,44,no
CHEM-RU-0170,2025_ncomms_s41467-025-62717-7_peer_review.pdf,10.1038/s41467-025-62717-7,Nature Communications,2025,high_core,computational_chemistry; cheminformatics; molecular_property_prediction,synthesis_characterization_and_analytical_evidence,specific,b96c8c9825a592d7,28,no
CHEM-RU-0171,2025_ncomms_s41467-025-65846-1_peer_review.pdf,10.1038/s41467-025-65846-1,Nature Communications,2025,high_core,quantum_chemistry; computational_chemistry; materials_chemistry,reproducibility_data_and_code,specific,9077e51e719b8893,25,no
CHEM-RU-0172,2025_ncomms_s41467-025-65846-1_peer_review.pdf,10.1038/s41467-025-65846-1,Nature Communications,2025,high_core,quantum_chemistry; computational_chemistry; materials_chemistry,catalysis_and_performance,specific,a8ddb59cd558fc4c,117,no
CHEM-RU-0173,2025_ncomms_s41467-025-65846-1_peer_review.pdf,10.1038/s41467-025-65846-1,Nature Communications,2025,high_core,quantum_chemistry; computational_chemistry; materials_chemistry,detail_audit_and_clarity,specific,a76dd23c6f3c3e56,60,no
CHEM-RU-0174,2025_ncomms_s41467-025-65846-1_peer_review.pdf,10.1038/s41467-025-65846-1,Nature Communications,2025,high_core,quantum_chemistry; computational_chemistry; materials_chemistry,catalysis_and_performance,specific,5a4a698f6604e812,26,no
CHEM-RU-0175,2025_ncomms_s41467-025-65846-1_peer_review.pdf,10.1038/s41467-025-65846-1,Nature Communications,2025,high_core,quantum_chemistry; computational_chemistry; materials_chemistry,reproducibility_data_and_code,specific,f64768058a2d9230,20,no
CHEM-RU-0176,2025_ncomms_s41467-025-61240-z_peer_review.pdf,10.1038/s41467-025-61240-z,Nature Communications,2025,high_core,analytical_chemistry; mass_spectrometry; chemical_biology; metabolomics,catalysis_and_performance,specific,9471b344f2935978,206,no
CHEM-RU-0177,2025_ncomms_s41467-025-61240-z_peer_review.pdf,10.1038/s41467-025-61240-z,Nature Communications,2025,high_core,analytical_chemistry; mass_spectrometry; chemical_biology; metabolomics,catalysis_and_performance,specific,6d11e9e73c06efcc,103,no
CHEM-RU-0178,2025_ncomms_s41467-025-61240-z_peer_review.pdf,10.1038/s41467-025-61240-z,Nature Communications,2025,high_core,analytical_chemistry; mass_spectrometry; chemical_biology; metabolomics,novelty_and_positioning,specific,df9d3d8a0d745e84,268,no
CHEM-RU-0179,2025_ncomms_s41467-025-62716-8_peer_review.pdf,10.1038/s41467-025-62716-8,Nature Communications,2025,medium_high_related,analytical_chemistry; spectroscopy; chemical_imaging; computational_chemistry,mechanism_and_causality,major,2cfa9254098d9c70,222,no
CHEM-RU-0180,2025_ncomms_s41467-025-62716-8_peer_review.pdf,10.1038/s41467-025-62716-8,Nature Communications,2025,medium_high_related,analytical_chemistry; spectroscopy; chemical_imaging; computational_chemistry,catalysis_and_performance,major,65dd88f108f5afcb,89,no
CHEM-RU-0181,2025_ncomms_s41467-025-62716-8_peer_review.pdf,10.1038/s41467-025-62716-8,Nature Communications,2025,medium_high_related,analytical_chemistry; spectroscopy; chemical_imaging; computational_chemistry,catalysis_and_performance,specific,5f60905f3fbab40b,68,no
CHEM-RU-0182,2025_ncomms_s41467-025-62716-8_peer_review.pdf,10.1038/s41467-025-62716-8,Nature Communications,2025,medium_high_related,analytical_chemistry; spectroscopy; chemical_imaging; computational_chemistry,mechanism_and_causality,specific,53ac1496cbfd05dd,50,no
CHEM-RU-0183,2025_ncomms_s41467-025-62716-8_peer_review.pdf,10.1038/s41467-025-62716-8,Nature Communications,2025,medium_high_related,analytical_chemistry; spectroscopy; chemical_imaging; computational_chemistry,reaction_scope_and_selectivity,specific,2f654c0b51aac86e,40,no
CHEM-RU-0184,2025_ncomms_s41467-025-62716-8_peer_review.pdf,10.1038/s41467-025-62716-8,Nature Communications,2025,medium_high_related,analytical_chemistry; spectroscopy; chemical_imaging; computational_chemistry,catalysis_and_performance,specific,5e773d910afcaffe,85,no
CHEM-RU-0185,2025_ncomms_s41467-025-62716-8_peer_review.pdf,10.1038/s41467-025-62716-8,Nature Communications,2025,medium_high_related,analytical_chemistry; spectroscopy; chemical_imaging; computational_chemistry,mechanism_and_causality,specific,8189537a3fb1eab5,77,no
CHEM-RU-0186,2025_ncomms_s41467-025-62716-8_peer_review.pdf,10.1038/s41467-025-62716-8,Nature Communications,2025,medium_high_related,analytical_chemistry; spectroscopy; chemical_imaging; computational_chemistry,novelty_and_positioning,specific,29956f0b71174856,68,no
CHEM-RU-0187,2025_ncomms_s41467-025-62716-8_peer_review.pdf,10.1038/s41467-025-62716-8,Nature Communications,2025,medium_high_related,analytical_chemistry; spectroscopy; chemical_imaging; computational_chemistry,catalysis_and_performance,specific,3a5ed3d554b9c8b3,59,no
CHEM-RU-0188,2025_ncomms_s41467-025-62716-8_peer_review.pdf,10.1038/s41467-025-62716-8,Nature Communications,2025,medium_high_related,analytical_chemistry; spectroscopy; chemical_imaging; computational_chemistry,catalysis_and_performance,specific,0e16af1b01a4add0,43,no
CHEM-RU-0189,2025_ncomms_s41467-025-62716-8_peer_review.pdf,10.1038/s41467-025-62716-8,Nature Communications,2025,medium_high_related,analytical_chemistry; spectroscopy; chemical_imaging; computational_chemistry,catalysis_and_performance,specific,4695cad8e5345748,20,no
CHEM-RU-0190,2025_ncomms_s41467-025-62716-8_peer_review.pdf,10.1038/s41467-025-62716-8,Nature Communications,2025,medium_high_related,analytical_chemistry; spectroscopy; chemical_imaging; computational_chemistry,novelty_and_positioning,specific,8f21d5a52f7bc105,137,no
CHEM-RU-0191,2025_ncomms_s41467-025-62716-8_peer_review.pdf,10.1038/s41467-025-62716-8,Nature Communications,2025,medium_high_related,analytical_chemistry; spectroscopy; chemical_imaging; computational_chemistry,novelty_and_positioning,specific,c8951864463b47f8,39,no
CHEM-RU-0192,2025_ncomms_s41467-025-62716-8_peer_review.pdf,10.1038/s41467-025-62716-8,Nature Communications,2025,medium_high_related,analytical_chemistry; spectroscopy; chemical_imaging; computational_chemistry,catalysis_and_performance,specific,d19e775098d7d8b8,104,no
CHEM-RU-0193,2025_ncomms_s41467-025-62716-8_peer_review.pdf,10.1038/s41467-025-62716-8,Nature Communications,2025,medium_high_related,analytical_chemistry; spectroscopy; chemical_imaging; computational_chemistry,catalysis_and_performance,specific,4310afc3dd405227,29,no
CHEM-RU-0194,2025_ncomms_s41467-025-62716-8_peer_review.pdf,10.1038/s41467-025-62716-8,Nature Communications,2025,medium_high_related,analytical_chemistry; spectroscopy; chemical_imaging; computational_chemistry,catalysis_and_performance,specific,9f7eee52bd92f70b,31,no
CHEM-RU-0195,2025_ncomms_s41467-025-62716-8_peer_review.pdf,10.1038/s41467-025-62716-8,Nature Communications,2025,medium_high_related,analytical_chemistry; spectroscopy; chemical_imaging; computational_chemistry,mechanism_and_causality,specific,71d3389b174681df,177,no
CHEM-RU-0196,2025_ncomms_s41467-025-62716-8_peer_review.pdf,10.1038/s41467-025-62716-8,Nature Communications,2025,medium_high_related,analytical_chemistry; spectroscopy; chemical_imaging; computational_chemistry,mechanism_and_causality,major,55239ece25db1f8f,218,no
CHEM-RU-0197,2025_ncomms_s41467-025-62716-8_peer_review.pdf,10.1038/s41467-025-62716-8,Nature Communications,2025,medium_high_related,analytical_chemistry; spectroscopy; chemical_imaging; computational_chemistry,reaction_scope_and_selectivity,specific,58249ee443e2a8f4,65,no
CHEM-RU-0198,2025_ncomms_s41467-025-62716-8_peer_review.pdf,10.1038/s41467-025-62716-8,Nature Communications,2025,medium_high_related,analytical_chemistry; spectroscopy; chemical_imaging; computational_chemistry,reaction_scope_and_selectivity,specific,bf24fc542dede0f4,198,no
CHEM-RU-0199,2026_commschem_s42004-025-01776-9_peer_review.pdf,10.1038/s42004-025-01776-9,Communications Chemistry,2026,high_core,computational_chemistry; AI_for_chemistry; automated_synthesis; cheminformatics,catalysis_and_performance,specific,2ca9ca8cecbc780f,57,no
CHEM-RU-0200,2026_commschem_s42004-025-01776-9_peer_review.pdf,10.1038/s42004-025-01776-9,Communications Chemistry,2026,high_core,computational_chemistry; AI_for_chemistry; automated_synthesis; cheminformatics,novelty_and_positioning,specific,defbe32529f4df00,59,no
CHEM-RU-0201,2026_commschem_s42004-025-01776-9_peer_review.pdf,10.1038/s42004-025-01776-9,Communications Chemistry,2026,high_core,computational_chemistry; AI_for_chemistry; automated_synthesis; cheminformatics,catalysis_and_performance,specific,3c30e3ed24705379,69,no
CHEM-RU-0202,2026_commschem_s42004-025-01776-9_peer_review.pdf,10.1038/s42004-025-01776-9,Communications Chemistry,2026,high_core,computational_chemistry; AI_for_chemistry; automated_synthesis; cheminformatics,synthesis_characterization_and_analytical_evidence,major,27a52221abc3b0ac,213,no
CHEM-RU-0203,2026_commschem_s42004-025-01776-9_peer_review.pdf,10.1038/s42004-025-01776-9,Communications Chemistry,2026,high_core,computational_chemistry; AI_for_chemistry; automated_synthesis; cheminformatics,detail_audit_and_clarity,specific,d3d7eda649d471d1,28,no
CHEM-RU-0204,2026_commschem_s42004-025-01776-9_peer_review.pdf,10.1038/s42004-025-01776-9,Communications Chemistry,2026,high_core,computational_chemistry; AI_for_chemistry; automated_synthesis; cheminformatics,controls_and_validation,specific,51a13017f742966d,41,no
CHEM-RU-0205,2026_commschem_s42004-025-01776-9_peer_review.pdf,10.1038/s42004-025-01776-9,Communications Chemistry,2026,high_core,computational_chemistry; AI_for_chemistry; automated_synthesis; cheminformatics,reproducibility_data_and_code,specific,21a48b4e6da01097,47,no
CHEM-RU-0206,2026_commschem_s42004-025-01776-9_peer_review.pdf,10.1038/s42004-025-01776-9,Communications Chemistry,2026,high_core,computational_chemistry; AI_for_chemistry; automated_synthesis; cheminformatics,mechanism_and_causality,specific,ee51e00c94d71142,37,no
CHEM-RU-0207,2026_commschem_s42004-025-01776-9_peer_review.pdf,10.1038/s42004-025-01776-9,Communications Chemistry,2026,high_core,computational_chemistry; AI_for_chemistry; automated_synthesis; cheminformatics,catalysis_and_performance,major,9b1d838f254dc3b3,96,no
CHEM-RU-0208,2026_commschem_s42004-025-01776-9_peer_review.pdf,10.1038/s42004-025-01776-9,Communications Chemistry,2026,high_core,computational_chemistry; AI_for_chemistry; automated_synthesis; cheminformatics,catalysis_and_performance,specific,23f12bd8249bc62c,71,no
CHEM-RU-0209,2026_commschem_s42004-025-01776-9_peer_review.pdf,10.1038/s42004-025-01776-9,Communications Chemistry,2026,high_core,computational_chemistry; AI_for_chemistry; automated_synthesis; cheminformatics,detail_audit_and_clarity,specific,709b3f4449ecf617,30,no
CHEM-RU-0210,2026_commschem_s42004-025-01776-9_peer_review.pdf,10.1038/s42004-025-01776-9,Communications Chemistry,2026,high_core,computational_chemistry; AI_for_chemistry; automated_synthesis; cheminformatics,novelty_and_positioning,specific,9b38b211c150d0f9,51,no
CHEM-RU-0211,2026_commschem_s42004-025-01776-9_peer_review.pdf,10.1038/s42004-025-01776-9,Communications Chemistry,2026,high_core,computational_chemistry; AI_for_chemistry; automated_synthesis; cheminformatics,novelty_and_positioning,specific,21be769296e4f294,89,no
CHEM-RU-0212,2026_commschem_s42004-025-01776-9_peer_review.pdf,10.1038/s42004-025-01776-9,Communications Chemistry,2026,high_core,computational_chemistry; AI_for_chemistry; automated_synthesis; cheminformatics,catalysis_and_performance,specific,b58edf2f7b3b4674,64,no
CHEM-RU-0213,2026_commschem_s42004-025-01776-9_peer_review.pdf,10.1038/s42004-025-01776-9,Communications Chemistry,2026,high_core,computational_chemistry; AI_for_chemistry; automated_synthesis; cheminformatics,mechanism_and_causality,specific,c7465d7212216c42,74,no
CHEM-RU-0214,2026_commschem_s42004-025-01776-9_peer_review.pdf,10.1038/s42004-025-01776-9,Communications Chemistry,2026,high_core,computational_chemistry; AI_for_chemistry; automated_synthesis; cheminformatics,computational_model_assumptions,specific,374e19cb0b117a99,39,no
CHEM-RU-0215,2026_commschem_s42004-025-01776-9_peer_review.pdf,10.1038/s42004-025-01776-9,Communications Chemistry,2026,high_core,computational_chemistry; AI_for_chemistry; automated_synthesis; cheminformatics,catalysis_and_performance,specific,379209f480db33ed,27,no
CHEM-RU-0216,2026_commschem_s42004-025-01776-9_peer_review.pdf,10.1038/s42004-025-01776-9,Communications Chemistry,2026,high_core,computational_chemistry; AI_for_chemistry; automated_synthesis; cheminformatics,catalysis_and_performance,specific,bca6daedd50e8c61,55,no
CHEM-RU-0217,2026_commschem_s42004-025-01776-9_peer_review.pdf,10.1038/s42004-025-01776-9,Communications Chemistry,2026,high_core,computational_chemistry; AI_for_chemistry; automated_synthesis; cheminformatics,synthesis_characterization_and_analytical_evidence,major,4049c8c4fd7ec532,65,no
CHEM-RU-0218,2026_commschem_s42004-025-01776-9_peer_review.pdf,10.1038/s42004-025-01776-9,Communications Chemistry,2026,high_core,computational_chemistry; AI_for_chemistry; automated_synthesis; cheminformatics,novelty_and_positioning,specific,21b447e2f8b5b89f,80,no
CHEM-RU-0219,2026_commschem_s42004-026-01979-8_peer_review.pdf,10.1038/s42004-026-01979-8,Communications Chemistry,2026,high_core,photochemistry; photocatalysis; chemical_biology; reaction_mechanism,mechanism_and_causality,major,9010f61620d00285,201,no
CHEM-RU-0220,2026_commschem_s42004-026-01979-8_peer_review.pdf,10.1038/s42004-026-01979-8,Communications Chemistry,2026,high_core,photochemistry; photocatalysis; chemical_biology; reaction_mechanism,novelty_and_positioning,specific,f4470a95d920e8d8,115,no
CHEM-RU-0221,2026_commschem_s42004-026-01979-8_peer_review.pdf,10.1038/s42004-026-01979-8,Communications Chemistry,2026,high_core,photochemistry; photocatalysis; chemical_biology; reaction_mechanism,catalysis_and_performance,major,bf257e5ed11e339e,66,no
CHEM-RU-0222,2026_commschem_s42004-026-01979-8_peer_review.pdf,10.1038/s42004-026-01979-8,Communications Chemistry,2026,high_core,photochemistry; photocatalysis; chemical_biology; reaction_mechanism,catalysis_and_performance,major,369c844fce86997a,138,no
CHEM-RU-0223,2026_commschem_s42004-026-01979-8_peer_review.pdf,10.1038/s42004-026-01979-8,Communications Chemistry,2026,high_core,photochemistry; photocatalysis; chemical_biology; reaction_mechanism,controls_and_validation,major,6065b1f8d5685ca0,83,no
CHEM-RU-0224,2026_commschem_s42004-026-01979-8_peer_review.pdf,10.1038/s42004-026-01979-8,Communications Chemistry,2026,high_core,photochemistry; photocatalysis; chemical_biology; reaction_mechanism,novelty_and_positioning,specific,0321f57dceab39f8,75,no
CHEM-RU-0225,2026_commschem_s42004-026-01979-8_peer_review.pdf,10.1038/s42004-026-01979-8,Communications Chemistry,2026,high_core,photochemistry; photocatalysis; chemical_biology; reaction_mechanism,mechanism_and_causality,specific,7dd4a5e71ae366c0,95,no
CHEM-RU-0226,2026_commschem_s42004-026-01979-8_peer_review.pdf,10.1038/s42004-026-01979-8,Communications Chemistry,2026,high_core,photochemistry; photocatalysis; chemical_biology; reaction_mechanism,novelty_and_positioning,major,bdc8fdfd054fb4fa,204,no
CHEM-RU-0227,2026_commschem_s42004-026-01979-8_peer_review.pdf,10.1038/s42004-026-01979-8,Communications Chemistry,2026,high_core,photochemistry; photocatalysis; chemical_biology; reaction_mechanism,novelty_and_positioning,major,9fae29abf1c4105e,185,no
CHEM-RU-0228,2026_commschem_s42004-026-01979-8_peer_review.pdf,10.1038/s42004-026-01979-8,Communications Chemistry,2026,high_core,photochemistry; photocatalysis; chemical_biology; reaction_mechanism,catalysis_and_performance,specific,770d0257ddee0f08,111,no
CHEM-RU-0229,2026_commschem_s42004-026-01979-8_peer_review.pdf,10.1038/s42004-026-01979-8,Communications Chemistry,2026,high_core,photochemistry; photocatalysis; chemical_biology; reaction_mechanism,catalysis_and_performance,specific,6829fb2f01b7e9c4,69,no
CHEM-RU-0230,2026_commschem_s42004-026-01979-8_peer_review.pdf,10.1038/s42004-026-01979-8,Communications Chemistry,2026,high_core,photochemistry; photocatalysis; chemical_biology; reaction_mechanism,catalysis_and_performance,major,a425751772a9d905,197,no
CHEM-RU-0231,2026_commschem_s42004-026-01979-8_peer_review.pdf,10.1038/s42004-026-01979-8,Communications Chemistry,2026,high_core,photochemistry; photocatalysis; chemical_biology; reaction_mechanism,mechanism_and_causality,specific,c8db912c5753e045,155,no
CHEM-RU-0232,2026_commschem_s42004-026-01979-8_peer_review.pdf,10.1038/s42004-026-01979-8,Communications Chemistry,2026,high_core,photochemistry; photocatalysis; chemical_biology; reaction_mechanism,reaction_scope_and_selectivity,major,e6437719b3ec23e5,186,no
CHEM-RU-0233,2026_commschem_s42004-026-01979-8_peer_review.pdf,10.1038/s42004-026-01979-8,Communications Chemistry,2026,high_core,photochemistry; photocatalysis; chemical_biology; reaction_mechanism,catalysis_and_performance,specific,46744e7bc7fd57ca,308,no
CHEM-RU-0234,2026_commschem_s42004-026-01979-8_peer_review.pdf,10.1038/s42004-026-01979-8,Communications Chemistry,2026,high_core,photochemistry; photocatalysis; chemical_biology; reaction_mechanism,controls_and_validation,major,c6915c6ffff2c5fe,69,no
CHEM-RU-0235,2026_commschem_s42004-026-01979-8_peer_review.pdf,10.1038/s42004-026-01979-8,Communications Chemistry,2026,high_core,photochemistry; photocatalysis; chemical_biology; reaction_mechanism,reaction_scope_and_selectivity,specific,512afcff882ad602,125,no
CHEM-RU-0236,2026_commschem_s42004-026-01979-8_peer_review.pdf,10.1038/s42004-026-01979-8,Communications Chemistry,2026,high_core,photochemistry; photocatalysis; chemical_biology; reaction_mechanism,mechanism_and_causality,specific,cd078a6f4df3ce03,67,no
CHEM-RU-0237,2026_commschem_s42004-026-01979-8_peer_review.pdf,10.1038/s42004-026-01979-8,Communications Chemistry,2026,high_core,photochemistry; photocatalysis; chemical_biology; reaction_mechanism,mechanism_and_causality,major,793efc69c0b77dd8,264,no
CHEM-RU-0238,2026_commschem_s42004-026-01979-8_peer_review.pdf,10.1038/s42004-026-01979-8,Communications Chemistry,2026,high_core,photochemistry; photocatalysis; chemical_biology; reaction_mechanism,novelty_and_positioning,specific,4de5af86e52b23e0,221,no
CHEM-RU-0239,2026_natcatal_s41929-026-01551-6_peer_review.pdf,10.1038/s41929-026-01551-6,Nature Catalysis,2026,high_core,catalysis; biocatalysis; chemical_biology; reaction_mechanism; spectroscopy,catalysis_and_performance,major,ca53cde917e47265,226,no
CHEM-RU-0240,2026_natcatal_s41929-026-01551-6_peer_review.pdf,10.1038/s41929-026-01551-6,Nature Catalysis,2026,high_core,catalysis; biocatalysis; chemical_biology; reaction_mechanism; spectroscopy,mechanism_and_causality,specific,ac50bafafe8e7c5f,47,no
CHEM-RU-0241,2026_natcatal_s41929-026-01551-6_peer_review.pdf,10.1038/s41929-026-01551-6,Nature Catalysis,2026,high_core,catalysis; biocatalysis; chemical_biology; reaction_mechanism; spectroscopy,catalysis_and_performance,specific,1a556c0a28a123bc,53,no
CHEM-RU-0242,2026_natcatal_s41929-026-01551-6_peer_review.pdf,10.1038/s41929-026-01551-6,Nature Catalysis,2026,high_core,catalysis; biocatalysis; chemical_biology; reaction_mechanism; spectroscopy,catalysis_and_performance,specific,0738f16ae8926f91,74,no
CHEM-RU-0243,2026_natsynth_s44160-026-01086-5_peer_review.pdf,10.1038/s44160-026-01086-5,Nature Synthesis,2026,high_core,catalysis; materials_chemistry; green_chemistry; synthesis,catalysis_and_performance,specific,5070f744615692c1,71,no
CHEM-RU-0244,2026_natsynth_s44160-026-01086-5_peer_review.pdf,10.1038/s44160-026-01086-5,Nature Synthesis,2026,high_core,catalysis; materials_chemistry; green_chemistry; synthesis,mechanism_and_causality,specific,9a92b5fe1996fb2c,128,no
CHEM-RU-0245,2026_natsynth_s44160-026-01086-5_peer_review.pdf,10.1038/s44160-026-01086-5,Nature Synthesis,2026,high_core,catalysis; materials_chemistry; green_chemistry; synthesis,mechanism_and_causality,specific,8ae85f196a8d95cd,169,no
CHEM-RU-0246,2026_natsynth_s44160-026-01086-5_peer_review.pdf,10.1038/s44160-026-01086-5,Nature Synthesis,2026,high_core,catalysis; materials_chemistry; green_chemistry; synthesis,mechanism_and_causality,major,ff83c200ba42e3a0,119,no
CHEM-RU-0247,2026_natsynth_s44160-026-01086-5_peer_review.pdf,10.1038/s44160-026-01086-5,Nature Synthesis,2026,high_core,catalysis; materials_chemistry; green_chemistry; synthesis,mechanism_and_causality,major,71d34a339d863a84,138,no
CHEM-RU-0248,2026_natsynth_s44160-026-01086-5_peer_review.pdf,10.1038/s44160-026-01086-5,Nature Synthesis,2026,high_core,catalysis; materials_chemistry; green_chemistry; synthesis,catalysis_and_performance,major,fe3bec2dbf78baef,144,no
CHEM-RU-0249,2026_natsynth_s44160-026-01086-5_peer_review.pdf,10.1038/s44160-026-01086-5,Nature Synthesis,2026,high_core,catalysis; materials_chemistry; green_chemistry; synthesis,novelty_and_positioning,specific,17252c5f12324aaf,157,no
CHEM-RU-0250,2026_natsynth_s44160-026-01086-5_peer_review.pdf,10.1038/s44160-026-01086-5,Nature Synthesis,2026,high_core,catalysis; materials_chemistry; green_chemistry; synthesis,novelty_and_positioning,specific,cde84f828006e787,164,no
CHEM-RU-0251,2026_natsynth_s44160-026-01086-5_peer_review.pdf,10.1038/s44160-026-01086-5,Nature Synthesis,2026,high_core,catalysis; materials_chemistry; green_chemistry; synthesis,mechanism_and_causality,specific,884576345cc7a44d,140,no
CHEM-RU-0252,2026_natsynth_s44160-026-01086-5_peer_review.pdf,10.1038/s44160-026-01086-5,Nature Synthesis,2026,high_core,catalysis; materials_chemistry; green_chemistry; synthesis,controls_and_validation,specific,4f20c781450c0055,184,no
CHEM-RU-0253,2026_natsynth_s44160-026-01086-5_peer_review.pdf,10.1038/s44160-026-01086-5,Nature Synthesis,2026,high_core,catalysis; materials_chemistry; green_chemistry; synthesis,catalysis_and_performance,specific,8a0c68a9679c9ab3,71,no
CHEM-RU-0254,2026_natsynth_s44160-026-01086-5_peer_review.pdf,10.1038/s44160-026-01086-5,Nature Synthesis,2026,high_core,catalysis; materials_chemistry; green_chemistry; synthesis,mechanism_and_causality,specific,9b9c608a514c765e,141,no
CHEM-RU-0255,2026_natsynth_s44160-026-01086-5_peer_review.pdf,10.1038/s44160-026-01086-5,Nature Synthesis,2026,high_core,catalysis; materials_chemistry; green_chemistry; synthesis,catalysis_and_performance,specific,f334ce421861eea2,64,no
CHEM-RU-0256,2026_natsynth_s44160-026-01086-5_peer_review.pdf,10.1038/s44160-026-01086-5,Nature Synthesis,2026,high_core,catalysis; materials_chemistry; green_chemistry; synthesis,mechanism_and_causality,specific,84f1c27c13e4d316,69,no
CHEM-RU-0257,2026_natsynth_s44160-026-01086-5_peer_review.pdf,10.1038/s44160-026-01086-5,Nature Synthesis,2026,high_core,catalysis; materials_chemistry; green_chemistry; synthesis,mechanism_and_causality,specific,21d8779d50eb996c,47,no
CHEM-RU-0258,2026_natsynth_s44160-026-01086-5_peer_review.pdf,10.1038/s44160-026-01086-5,Nature Synthesis,2026,high_core,catalysis; materials_chemistry; green_chemistry; synthesis,reaction_scope_and_selectivity,specific,f4ca5e397440c24c,149,no
CHEM-RU-0259,2026_natsynth_s44160-026-01086-5_peer_review.pdf,10.1038/s44160-026-01086-5,Nature Synthesis,2026,high_core,catalysis; materials_chemistry; green_chemistry; synthesis,catalysis_and_performance,specific,10062ecbdc6ed76a,59,no
CHEM-RU-0260,2026_natsynth_s44160-026-01086-5_peer_review.pdf,10.1038/s44160-026-01086-5,Nature Synthesis,2026,high_core,catalysis; materials_chemistry; green_chemistry; synthesis,catalysis_and_performance,specific,fe332fb0a2f5326f,98,no
CHEM-RU-0261,2026_natsynth_s44160-026-01086-5_peer_review.pdf,10.1038/s44160-026-01086-5,Nature Synthesis,2026,high_core,catalysis; materials_chemistry; green_chemistry; synthesis,novelty_and_positioning,specific,e27500c36672f3cb,85,no
CHEM-RU-0262,2026_natsynth_s44160-026-01086-5_peer_review.pdf,10.1038/s44160-026-01086-5,Nature Synthesis,2026,high_core,catalysis; materials_chemistry; green_chemistry; synthesis,catalysis_and_performance,specific,4e7670a18c0de536,125,no
