pattern_id,domain,gate,title,concern,evidence_risk,revision_direction,severity,triggers,source_fields
POLAR-REGI-001,polar-earth-system-orchestrator,regional_scope_seasonality,Undefined polar domain,"The manuscript uses labels such as Arctic-wide, Antarctic-wide, high-latitude, or Southern Ocean without an operational spatial boundary aligned to the analysis.","A geographic label can conceal excluded seas, shelves, ice sectors, elevation bands, or latitude zones and make the conclusion impossible to reproduce.","State the exact mask, coordinate reference, sector definitions, exclusions, and sensitivity to alternative accepted regional boundaries.",major,Arctic-wide; Antarctic-wide; Southern Ocean; circumpolar,"{""claim_type"": ""cross-system synthesis"", ""region"": [""bipolar""], ""source_basis"": ""distilled_non_verbatim"", ""source_ids"": [""NP-003"", ""NP-014"", ""NP-022""], ""verbatim_review_text"": false}"
POLAR-REGI-002,polar-earth-system-orchestrator,regional_scope_seasonality,Season definition mismatched to process,"Calendar seasons are used even though melt, freeze-up, polar night, snow accumulation, or biological timing varies strongly by region and year.",Fixed seasons can mix different physical regimes and create artificial spatial or temporal contrasts.,"Use process-based or locally justified seasonal windows, show robustness to reasonable alternatives, and qualify conclusions that depend on the window.",major,DJF; JJA; melt season; freeze-up; polar night,"{""claim_type"": ""seasonal analysis"", ""region"": [""bipolar""], ""source_basis"": ""distilled_non_verbatim"", ""source_ids"": [""NP-004"", ""NP-006"", ""NP-020""], ""verbatim_review_text"": false}"
POLAR-REGI-003,polar-earth-system-orchestrator,regional_scope_seasonality,Single sector generalized to a hemisphere,"Evidence from one basin, shelf, glacier cluster, station network, or transect is presented as representative of the full Arctic or Antarctic.","Polar sectors differ in circulation, geometry, climate forcing, ecology, and observing density.","Narrow the claim or add stratified evidence across relevant sectors, explicitly testing spatial heterogeneity.",major,one sector; one shelf; one basin; circumpolar conclusion,"{""claim_type"": ""regional generalization"", ""region"": [""bipolar""], ""source_basis"": ""distilled_non_verbatim"", ""source_ids"": [""NP-012"", ""NP-015"", ""NP-016""], ""verbatim_review_text"": false}"
POLAR-REGI-004,polar-earth-system-orchestrator,regional_scope_seasonality,Bipolar analogy lacks transfer argument,"A mechanism established in one hemisphere is transferred to the other without testing differences in land-ocean geometry, seasonality, circulation, or human context.",The Arctic and Antarctic are not interchangeable experimental systems.,"Identify the transfer assumptions, test them where data permit, and treat the comparison as a hypothesis unless both systems are evaluated.",major,Arctic versus Antarctic; bipolar comparison; analog,"{""claim_type"": ""comparative inference"", ""region"": [""bipolar""], ""source_basis"": ""distilled_non_verbatim"", ""source_ids"": [""NP-003"", ""NP-014"", ""NP-020""], ""verbatim_review_text"": false}"
POLAR-REGI-005,polar-earth-system-orchestrator,regional_scope_seasonality,Coastal and interior regimes conflated,"Coastal, shelf, marginal-ice-zone, interior plateau, and deep-basin observations are pooled despite distinct forcing and response regimes.",Pooling can manufacture an average response that is not valid for any physical regime.,"Stratify by regime, report interactions or heterogeneity, and avoid a single polar-wide coefficient when slopes differ.",major,coastal; interior; shelf; marginal ice zone,"{""claim_type"": ""spatial aggregation"", ""region"": [""bipolar""], ""source_basis"": ""distilled_non_verbatim"", ""source_ids"": [""NP-011"", ""NP-015"", ""NP-018""], ""verbatim_review_text"": false}"
POLAR-REGI-006,polar-earth-system-orchestrator,regional_scope_seasonality,Study period omits critical phase,"The selected interval excludes freeze-up, breakup, winter darkness, shoulder seasons, or an earlier baseline that is necessary to interpret the claimed transition.","A truncated window can misidentify timing, trend magnitude, or causal order.","Justify temporal coverage, show the full available record, and test conclusions across alternative start and end dates.",major,record begins; selected years; summer-only; winter gap,"{""claim_type"": ""temporal scope"", ""region"": [""bipolar""], ""source_basis"": ""distilled_non_verbatim"", ""source_ids"": [""NP-005"", ""NP-014"", ""NP-021""], ""verbatim_review_text"": false}"
POLAR-REGI-007,polar-earth-system-orchestrator,regional_scope_seasonality,Event-year framing mistaken for state change,An extreme year or short cluster is described as a new climatic or ecological state without a defined state metric or persistence criterion.,Internal variability and transient anomalies can mimic regime change.,"Define the state variable and transition criterion, quantify persistence and recurrence, and compare against an appropriate null or historical distribution.",major,record low; unprecedented; new state; tipping,"{""claim_type"": ""state-change claim"", ""region"": [""bipolar""], ""source_basis"": ""distilled_non_verbatim"", ""source_ids"": [""NP-008"", ""NP-014"", ""NP-020""], ""verbatim_review_text"": false}"
POLAR-REGI-008,polar-earth-system-orchestrator,regional_scope_seasonality,Map projection and cell area not handled,"Area, distance, gradient, or neighborhood calculations are performed in a polar projection without documenting distortion, cell-area weighting, or reprojection effects.",Unweighted polar grids can bias aggregate statistics and spatial relationships.,"Document the projection, use area-aware calculations, and demonstrate that reprojection or latitude weighting does not control the result.",major,polar stereographic; grid-cell area; map distance,"{""claim_type"": ""geospatial analysis"", ""region"": [""bipolar""], ""source_basis"": ""distilled_non_verbatim"", ""source_ids"": [""NP-016"", ""NP-022""], ""verbatim_review_text"": false}"
POLAR-SAMP-001,polar-earth-system-orchestrator,sampling_representativeness,Logistics-driven sampling bias,"Sampling is concentrated near stations, ship tracks, air routes, roads, accessible glaciers, or safe summer conditions but treated as population-representative.","Accessibility is correlated with climate, topography, ecosystem type, and disturbance, creating structured selection bias.","Map the sampling frame, quantify coverage by environmental stratum, use weighting or hierarchical inference, and narrow claims where coverage is absent.",major,station; cruise; transect; accessible site; summer campaign,"{""claim_type"": ""field sampling"", ""region"": [""bipolar""], ""source_basis"": ""distilled_non_verbatim"", ""source_ids"": [""NP-012"", ""NP-013"", ""NP-022""], ""verbatim_review_text"": false}"
POLAR-SAMP-002,polar-earth-system-orchestrator,sampling_representativeness,Summer observations infer winter process,"Warm-season measurements are used to infer winter fluxes, stratification, snow processes, ecology, or atmosphere-surface exchange.",Polar winter can reverse process direction and is often the least observed season.,"Add winter evidence, use a validated seasonal model with uncertainty, or limit the conclusion to the observed season.",major,summer campaign; winter process; annual budget,"{""claim_type"": ""seasonal extrapolation"", ""region"": [""bipolar""], ""source_basis"": ""distilled_non_verbatim"", ""source_ids"": [""NP-002"", ""NP-019"", ""NP-024""], ""verbatim_review_text"": false}"
POLAR-SAMP-003,polar-earth-system-orchestrator,sampling_representativeness,Sparse sites support trend estimate,"A trend is estimated from a small or changing station network without accounting for spatial covariance, site turnover, and unequal record length.",Network evolution can be confounded with environmental change.,"Report site histories, use methods robust to unbalanced panels and spatial dependence, and test leave-site-out stability.",major,monitoring network; station turnover; sparse sites,"{""claim_type"": ""network trend"", ""region"": [""bipolar""], ""source_basis"": ""distilled_non_verbatim"", ""source_ids"": [""NP-021"", ""NP-022"", ""TC-001""], ""verbatim_review_text"": false}"
POLAR-SAMP-004,polar-earth-system-orchestrator,sampling_representativeness,Cruise track treated as synoptic map,Shipboard observations collected over days or weeks are interpreted as a simultaneous spatial field.,Temporal evolution along the cruise can alias into apparent spatial gradients.,"Model or remove temporal drift, use repeat sections or autonomous observations, and report the synoptic limitation.",major,cruise track; transect map; spatial gradient,"{""claim_type"": ""ocean observation"", ""region"": [""bipolar""], ""source_basis"": ""distilled_non_verbatim"", ""source_ids"": [""NP-002"", ""NP-019""], ""verbatim_review_text"": false}"
POLAR-SAMP-005,polar-earth-system-orchestrator,sampling_representativeness,Validation sites overlap development sites,"The same stations, cores, scenes, transects, or reanalysis-constrained products contribute to algorithm tuning and reported validation.",Circular validation inflates apparent accuracy and may hide regional failure.,"Create a genuinely independent holdout by site, period, sensor, or region and disclose all data dependencies.",major,calibration and validation; training sites; cross-validation,"{""claim_type"": ""product validation"", ""region"": [""bipolar""], ""source_basis"": ""distilled_non_verbatim"", ""source_ids"": [""NP-011"", ""NP-016"", ""NP-021""], ""verbatim_review_text"": false}"
POLAR-SAMP-006,polar-earth-system-orchestrator,sampling_representativeness,Biological samples ignore habitat structure,"Ecological samples are pooled across ice edge, open water, under-ice, benthic, stream, or terrestrial habitats without a design that represents their area and season.",Habitat imbalance can be mistaken for a climate or ice effect.,"Use stratified sampling or multilevel models, report habitat-specific effects, and weight only with defensible habitat prevalence.",major,microbiome; food web; ice edge; habitat,"{""claim_type"": ""ecological sampling"", ""region"": [""bipolar""], ""source_basis"": ""distilled_non_verbatim"", ""source_ids"": [""NP-006"", ""NP-013"", ""NP-024""], ""verbatim_review_text"": false}"
POLAR-SAMP-007,polar-earth-system-orchestrator,sampling_representativeness,Core or archive is spatially overinterpreted,"One sediment core, lake, or ice core is used to infer regional climate without demonstrating source area and replication.","Local catchment, accumulation, advection, and post-depositional effects may dominate the record.","Constrain the source footprint, compare independent nearby archives, and state the spatial scale actually supported.",major,single core; lake sediment; ice core; regional climate,"{""claim_type"": ""paleoclimate archive"", ""region"": [""bipolar""], ""source_basis"": ""distilled_non_verbatim"", ""source_ids"": [""NP-001"", ""NP-015"", ""NP-023""], ""verbatim_review_text"": false}"
POLAR-SAMP-008,polar-earth-system-orchestrator,sampling_representativeness,Missingness assumed random,"Cloud, darkness, instrument failure, unsafe conditions, melt contamination, or inaccessible terrain creates missing data that are treated as random.",Polar missingness often depends on the environmental state being estimated.,"Characterize missingness by state and season, use sensitivity bounds or explicit observation models, and avoid unconditional interpolation.",major,cloud gap; polar night; missing scenes; instrument outage,"{""claim_type"": ""missing data"", ""region"": [""bipolar""], ""source_basis"": ""distilled_non_verbatim"", ""source_ids"": [""NP-016"", ""NP-020"", ""TC-005""], ""verbatim_review_text"": false}"
POLAR-VARI-001,polar-earth-system-orchestrator,variable_identity_comparability,Sea-ice metrics are interchanged,"Sea-ice concentration, area, extent, thickness, volume, age, and duration are discussed as if they measured the same system property.",Different metrics respond to different processes and thresholds and cannot support identical trend or mechanism claims.,"Define every metric and threshold, preserve units and denominators, and align the claim with the measured quantity.",major,sea ice extent; area; concentration; thickness; volume,"{""claim_type"": ""sea-ice metric"", ""region"": [""bipolar""], ""source_basis"": ""distilled_non_verbatim"", ""source_ids"": [""NP-004"", ""NP-005"", ""NP-014"", ""TC-002""], ""verbatim_review_text"": false}"
POLAR-VARI-002,polar-earth-system-orchestrator,variable_identity_comparability,Elevation change equated with mass change,"Surface-elevation change is interpreted as ice mass change without separating density, firn compaction, snow variability, floating geometry, or dynamic effects.",Height-to-mass conversion can dominate the inferred signal.,"State the density and firn assumptions, propagate them, distinguish grounded and floating ice, and compare an independent mass estimate.",major,altimetry; elevation change; mass loss,"{""claim_type"": ""ice-mass inference"", ""region"": [""antarctic"", ""greenland""], ""source_basis"": ""distilled_non_verbatim"", ""source_ids"": [""NP-009"", ""NP-010"", ""NP-018""], ""verbatim_review_text"": false}"
POLAR-VARI-003,polar-earth-system-orchestrator,variable_identity_comparability,Glacier retreat equated with mass loss,"Terminus position, area loss, calving-front retreat, frontal ablation, thinning, and total mass balance are conflated.",A glacier can retreat without proportional mass loss and vice versa.,"Use precise glacier-change variables, report geometry and mass components separately, and revise causal language.",major,terminus retreat; area change; mass loss; calving,"{""claim_type"": ""glacier change"", ""region"": [""bipolar""], ""source_basis"": ""distilled_non_verbatim"", ""source_ids"": [""NP-012"", ""NP-016"", ""TC-003"", ""STD-003""], ""verbatim_review_text"": false}"
POLAR-VARI-004,polar-earth-system-orchestrator,variable_identity_comparability,Permafrost indicators are conflated,"Ground temperature, active-layer thickness, permafrost extent, ground-ice loss, thermokarst, subsidence, and carbon release are treated as interchangeable thaw indicators.","Each variable reflects a different process, depth, and response time.","Define the measured state variable, depth and season; avoid translating one indicator into another without a validated model.",major,permafrost warming; thaw; active layer; subsidence,"{""claim_type"": ""permafrost metric"", ""region"": [""arctic"", ""mountain""], ""source_basis"": ""distilled_non_verbatim"", ""source_ids"": [""NP-021"", ""NP-022"", ""TC-001""], ""verbatim_review_text"": false}"
POLAR-VARI-005,polar-earth-system-orchestrator,variable_identity_comparability,Surface mass balance and total balance mixed,"Accumulation and surface ablation are combined conceptually with ice discharge, basal melt, or calving when interpreting ice-sheet or glacier mass balance.",Mispartitioning obscures the mechanism and can reverse attribution.,"Report each budget component and sign convention, identify residual terms, and use total mass balance only when all relevant components are included.",major,surface mass balance; discharge; basal melt; total balance,"{""claim_type"": ""mass-balance accounting"", ""region"": [""antarctic"", ""greenland""], ""source_basis"": ""distilled_non_verbatim"", ""source_ids"": [""NP-010"", ""NP-012"", ""TC-006"", ""STD-003"", ""STD-004""], ""verbatim_review_text"": false}"
POLAR-VARI-006,polar-earth-system-orchestrator,variable_identity_comparability,Proxy target changes across calibration,"A proxy is calibrated to one environmental variable but interpreted as another, such as temperature to circulation strength or sediment composition to storminess.",Non-unique proxy controls undermine the reconstructed quantity.,"Specify the mechanistic proxy chain, test competing controls, and calibrate against the claimed target at matching scale.",major,proxy; calibration; reconstruction; interpretation,"{""claim_type"": ""proxy identity"", ""region"": [""bipolar""], ""source_basis"": ""distilled_non_verbatim"", ""source_ids"": [""NP-001"", ""NP-015"", ""NP-017"", ""NP-023""], ""verbatim_review_text"": false}"
POLAR-VARI-007,polar-earth-system-orchestrator,variable_identity_comparability,Products with different definitions are merged,"Time series from products using different masks, thresholds, sensors, retrieval targets, or version conventions are concatenated without harmonization.",An apparent trend or discontinuity may be a product-definition artifact.,"Document definitions and versions, quantify inter-product offsets, and construct a homogenized record or analyze products separately.",major,multi-product; version; merged record; threshold,"{""claim_type"": ""data harmonization"", ""region"": [""bipolar""], ""source_basis"": ""distilled_non_verbatim"", ""source_ids"": [""NP-014"", ""NP-016"", ""NP-021""], ""verbatim_review_text"": false}"
POLAR-VARI-008,polar-earth-system-orchestrator,variable_identity_comparability,"Freshwater, meltwater, and runoff are mixed","Ice melt, snowmelt, liquid precipitation, subglacial discharge, runoff, and net freshwater flux are used interchangeably.","The terms have different source regions, timing, routing, and budget implications.","Partition sources and pathways, state the control volume, and use terminology consistent with the measured or modeled flux.",major,freshwater flux; meltwater; runoff; discharge,"{""claim_type"": ""hydrologic variable"", ""region"": [""bipolar""], ""source_basis"": ""distilled_non_verbatim"", ""source_ids"": [""NP-010"", ""NP-018"", ""TC-005""], ""verbatim_review_text"": false}"
POLAR-POLA-001,polar-earth-system-orchestrator,polar_remote_sensing_products,Retrieval product treated as direct truth,"A satellite retrieval is used as a direct observation without describing algorithm assumptions, flags, known failure modes, or product uncertainty.","The retrieval may be conditional on surface state, atmosphere, snow, roughness, or training data.","Cite the exact product version and algorithm documentation, apply quality flags, and propagate retrieval uncertainty into the main result.",major,satellite product; retrieval; direct observation; quality flag,"{""claim_type"": ""remote sensing"", ""region"": [""bipolar""], ""source_basis"": ""distilled_non_verbatim"", ""source_ids"": [""NP-011"", ""NP-016"", ""STD-005"", ""STD-006""], ""verbatim_review_text"": false}"
POLAR-POLA-002,polar-earth-system-orchestrator,polar_remote_sensing_products,Melt ponds and wet snow bias sea-ice retrieval,"Summer sea-ice concentration or type is interpreted without testing melt-pond, wet-snow, atmospheric, and thin-ice ambiguity.",Surface-state changes can appear as ice loss or category change.,"Use season-appropriate products, compare independent sensors or algorithms, and bound the effect of surface-state ambiguity.",major,melt pond; wet snow; passive microwave; summer ice,"{""claim_type"": ""sea-ice retrieval"", ""region"": [""bipolar""], ""source_basis"": ""distilled_non_verbatim"", ""source_ids"": [""NP-005"", ""NP-014"", ""STD-005""], ""verbatim_review_text"": false}"
POLAR-POLA-003,polar-earth-system-orchestrator,polar_remote_sensing_products,Sensor transition creates artificial trend,"A long record spans missions, processing streams, or orbit changes without an explicit homogeneity assessment.",Instrument and algorithm transitions can generate steps comparable to the climate trend.,"Perform overlap calibration, breakpoint tests, product intercomparison, and sensitivity to transition treatment.",major,sensor transition; mission change; climate data record,"{""claim_type"": ""long-term satellite trend"", ""region"": [""bipolar""], ""source_basis"": ""distilled_non_verbatim"", ""source_ids"": [""NP-014"", ""NP-016"", ""NP-021"", ""STD-006""], ""verbatim_review_text"": false}"
POLAR-POLA-004,polar-earth-system-orchestrator,polar_remote_sensing_products,Polar gap or coverage mask is ignored,"Orbit geometry, pole holes, cloud screening, darkness, topographic shadow, or coastal masks exclude nonrandom parts of the domain.","Coverage gaps may bias totals, trend maps, and event timing.","Show coverage through time, distinguish observed from infilled cells, and test conclusions under conservative gap treatments.",major,pole hole; cloud mask; polar night; coverage,"{""claim_type"": ""coverage analysis"", ""region"": [""bipolar""], ""source_basis"": ""distilled_non_verbatim"", ""source_ids"": [""NP-016"", ""NP-020""], ""verbatim_review_text"": false}"
POLAR-POLA-005,polar-earth-system-orchestrator,polar_remote_sensing_products,Spatial resolution cannot resolve mechanism,"The product grid or radar footprint is too coarse to resolve grounding zones, narrow fjords, leads, small glaciers, thermokarst features, or coastal gradients invoked in the mechanism.",Subpixel mixing and geolocation uncertainty can determine the signal.,"Demonstrate scale compatibility, aggregate the claim to resolvable scales, or add higher-resolution evidence.",major,resolution; subpixel; grounding line; fjord; lead,"{""claim_type"": ""resolution adequacy"", ""region"": [""bipolar""], ""source_basis"": ""distilled_non_verbatim"", ""source_ids"": [""NP-009"", ""NP-011"", ""NP-016""], ""verbatim_review_text"": false}"
POLAR-POLA-006,polar-earth-system-orchestrator,polar_remote_sensing_products,Radar interpretation lacks dielectric alternatives,"Radar backscatter, interferometric phase, attenuation, or reflectors are assigned to water, brine, layer geometry, or damage without excluding other dielectric and geometric causes.",The same radar signature can have multiple physical origins.,"Use multi-frequency, temporal, geometric, or in situ constraints and present the interpretation as conditional where alternatives remain.",major,radar; InSAR; reflector; seawater intrusion,"{""claim_type"": ""radar interpretation"", ""region"": [""antarctic"", ""greenland""], ""source_basis"": ""distilled_non_verbatim"", ""source_ids"": [""NP-011"", ""TC-004"", ""TC-007""], ""verbatim_review_text"": false}"
POLAR-POLA-007,polar-earth-system-orchestrator,polar_remote_sensing_products,Validation scale mismatches product scale,Point or transect field measurements are compared directly with large grid cells or temporally averaged products.,Representativeness error can dominate the apparent product bias.,"Upscale field data with a defensible model, sample the grid footprint, and separate measurement from representativeness uncertainty.",major,ground truth; grid cell; footprint; validation,"{""claim_type"": ""product validation"", ""region"": [""bipolar""], ""source_basis"": ""distilled_non_verbatim"", ""source_ids"": [""NP-016"", ""NP-021"", ""STD-002""], ""verbatim_review_text"": false}"
POLAR-POLA-008,polar-earth-system-orchestrator,polar_remote_sensing_products,Algorithm comparison is not independent,"Products compared as independent evidence share sensors, weather filters, ancillary fields, training data, or common retrieval heritage.",Agreement among dependent products overstates confidence.,"Map data lineage, select genuinely independent observations where possible, and qualify ensemble agreement by shared dependencies.",major,product ensemble; independent products; shared input,"{""claim_type"": ""product intercomparison"", ""region"": [""bipolar""], ""source_basis"": ""distilled_non_verbatim"", ""source_ids"": [""NP-014"", ""NP-016"", ""STD-006""], ""verbatim_review_text"": false}"
POLAR-MASS-001,polar-earth-system-orchestrator,mass_energy_water_budget,Budget does not close,"The central mass, heat, freshwater, carbon, or energy budget omits material terms or leaves an unexplained residual.",A mechanism claim is weak when the accounting cannot reproduce the observed tendency.,"Define the control volume and sign convention, report every term and residual, and propagate uncertainty into closure.",major,budget closure; residual; conservation; control volume,"{""claim_type"": ""budget analysis"", ""region"": [""bipolar""], ""source_basis"": ""distilled_non_verbatim"", ""source_ids"": [""NP-009"", ""NP-010"", ""NP-019""], ""verbatim_review_text"": false}"
POLAR-MASS-002,polar-earth-system-orchestrator,mass_energy_water_budget,Grounded and floating ice are mixed,Mass or melt changes on ice shelves and floating tongues are combined with grounded-ice loss when discussing sea-level contribution.,Floating-ice melt has different direct sea-level implications and dynamic pathways.,"Separate grounded and floating domains, state grounding-line masks, and quantify dynamic effects rather than implying direct equivalence.",major,ice shelf; floating tongue; grounded ice; sea level,"{""claim_type"": ""ice accounting"", ""region"": [""antarctic"", ""greenland""], ""source_basis"": ""distilled_non_verbatim"", ""source_ids"": [""NP-009"", ""NP-010"", ""NP-018""], ""verbatim_review_text"": false}"
POLAR-MASS-003,polar-earth-system-orchestrator,mass_energy_water_budget,Firn and density assumptions dominate conversion,Volume or height changes are converted to mass with fixed density or insufficient firn treatment.,"Snow accumulation, compaction, meltwater retention, and density variability can create spurious mass trends.","Use a validated firn/density model, show sensitivity and uncertainty, and compare against an independent gravimetric or input-output estimate.",major,firn; density; altimetry; mass conversion,"{""claim_type"": ""height-to-mass conversion"", ""region"": [""antarctic"", ""greenland""], ""source_basis"": ""distilled_non_verbatim"", ""source_ids"": [""NP-008"", ""NP-018"", ""TC-006""], ""verbatim_review_text"": false}"
POLAR-MASS-004,polar-earth-system-orchestrator,mass_energy_water_budget,Snow depth uncertainty omitted from sea-ice thickness,"Freeboard-derived thickness is reported without propagating snow depth, snow density, ice density, and hydrostatic assumptions.",Snow uncertainty can dominate sea-ice thickness and volume estimates.,"Report the full uncertainty chain, test alternative snow products, and avoid overprecise volume trends.",major,freeboard; snow depth; sea ice thickness; hydrostatic,"{""claim_type"": ""sea-ice thickness"", ""region"": [""bipolar""], ""source_basis"": ""distilled_non_verbatim"", ""source_ids"": [""NP-004"", ""NP-014"", ""STD-006""], ""verbatim_review_text"": false}"
POLAR-MASS-005,polar-earth-system-orchestrator,mass_energy_water_budget,Freshwater routing lacks travel-time treatment,"Melt or subglacial discharge is linked to downstream ocean, ice-shelf, or ecosystem response without resolving storage, routing, mixing, and lag.",Coincident timing does not establish the proposed pathway.,Constrain travel times and pathways with observations or process models and test alternative timing assumptions.,major,subglacial discharge; meltwater routing; lag,"{""claim_type"": ""hydrologic coupling"", ""region"": [""bipolar""], ""source_basis"": ""distilled_non_verbatim"", ""source_ids"": [""NP-010"", ""NP-019"", ""TC-005""], ""verbatim_review_text"": false}"
POLAR-MASS-006,polar-earth-system-orchestrator,mass_energy_water_budget,Surface energy terms are incompletely constrained,"Melt or freeze is attributed to one flux while radiation, turbulent fluxes, rain heat, ocean heat, albedo, or conductive storage are omitted or weakly observed.",A partial energy budget cannot distinguish mechanisms.,"Close the energy budget at the relevant temporal scale, report flux uncertainty, and test whether the proposed term explains residual variability.",major,surface energy balance; melt; turbulent flux; albedo,"{""claim_type"": ""energy balance"", ""region"": [""bipolar""], ""source_basis"": ""distilled_non_verbatim"", ""source_ids"": [""NP-004"", ""NP-020""], ""verbatim_review_text"": false}"
POLAR-MASS-007,polar-earth-system-orchestrator,mass_energy_water_budget,Carbon inventory and flux are confused,"Concentration, inventory, production, oxidation, evasion, and net ecosystem or ocean-atmosphere flux are interpreted interchangeably.",A large pool does not imply a large net emission or uptake.,"Separate stocks and gross/net fluxes, define the integration domain and period, and support source-sink attribution with a closed budget.",major,carbon uptake; methane emission; inventory; flux,"{""claim_type"": ""biogeochemical budget"", ""region"": [""bipolar""], ""source_basis"": ""distilled_non_verbatim"", ""source_ids"": [""NP-002"", ""NP-019"", ""NP-024""], ""verbatim_review_text"": false}"
POLAR-MASS-008,polar-earth-system-orchestrator,mass_energy_water_budget,Unresolved basal melt parameterization controls result,"Ice-shelf or ice-sheet response is driven by prescribed basal melt without showing sensitivity to calibration, geometry, cavity circulation, or climate forcing.",The headline projection may be a parameterization artifact.,"Report calibration data and parameter ranges, run structural alternatives, and separate robust conclusions from parameterization-dependent outcomes.",major,basal melt; ISMIP6; parameterization; ice shelf,"{""claim_type"": ""model budget"", ""region"": [""antarctic""], ""source_basis"": ""distilled_non_verbatim"", ""source_ids"": [""NP-009"", ""NP-010"", ""TC-010""], ""verbatim_review_text"": false}"
POLAR-MODE-001,polar-earth-system-orchestrator,model_resolution_assimilation,Grid cannot represent key geometry,"Model resolution is too coarse for grounding zones, shelf channels, narrow straits, fjords, leads, steep terrain, or polygonal permafrost invoked in the explanation.","Unresolved geometry can change transport, stress, melt, and feedback direction.",Demonstrate convergence or use parameterizations validated for the target scale; limit mechanistic claims when the feature is unresolved.,major,grid resolution; geometry; fjord; grounding line; channel,"{""claim_type"": ""numerical model"", ""region"": [""bipolar""], ""source_basis"": ""distilled_non_verbatim"", ""source_ids"": [""NP-009"", ""NP-010"", ""TC-006""], ""verbatim_review_text"": false}"
POLAR-MODE-002,polar-earth-system-orchestrator,model_resolution_assimilation,Boundary conditions encode the result,"Ocean, atmosphere, basal, geothermal, bed, or ecological boundary conditions are prescribed in a way that already imposes the claimed response.",The simulation may illustrate an assumption rather than independently test a mechanism.,"Identify which conclusions follow from boundary choices, run alternative plausible conditions, and avoid causal language unsupported by sensitivity.",major,boundary condition; forcing; prescribed; scenario,"{""claim_type"": ""model forcing"", ""region"": [""bipolar""], ""source_basis"": ""distilled_non_verbatim"", ""source_ids"": [""NP-017"", ""NP-020"", ""TC-008""], ""verbatim_review_text"": false}"
POLAR-MODE-003,polar-earth-system-orchestrator,model_resolution_assimilation,Assimilation product used as independent validation,A reanalysis or assimilated product is used both to force or constrain the model and to validate its performance.,Shared observations and model structure make the validation circular.,"Use withheld observations or an independent product, disclose assimilation lineage, and separate fit to constraints from predictive skill.",major,reanalysis; data assimilation; validation; forcing,"{""claim_type"": ""model validation"", ""region"": [""bipolar""], ""source_basis"": ""distilled_non_verbatim"", ""source_ids"": [""NP-003"", ""NP-007"", ""NP-020""], ""verbatim_review_text"": false}"
POLAR-MODE-004,polar-earth-system-orchestrator,model_resolution_assimilation,Single model presented as structural certainty,"A result from one model, one configuration, or one parameterization is presented as a robust system response.",Polar projections are often sensitive to unresolved processes and model structure.,"Use a multi-model or structural ensemble, perturb key process choices, and label model-contingent results.",major,single model; structural uncertainty; projection,"{""claim_type"": ""model ensemble"", ""region"": [""bipolar""], ""source_basis"": ""distilled_non_verbatim"", ""source_ids"": [""NP-004"", ""NP-005"", ""NP-006""], ""verbatim_review_text"": false}"
POLAR-MODE-005,polar-earth-system-orchestrator,model_resolution_assimilation,Ensemble members are not independent,Initial-condition members or models sharing code and parameterizations are treated as independent samples when estimating probability.,Effective sample size is smaller than the nominal ensemble and tails are poorly constrained.,"Describe ensemble dependence, estimate effective sample size, and avoid precise event probabilities unsupported by the ensemble design.",major,ensemble; probability; independent members; CMIP,"{""claim_type"": ""ensemble inference"", ""region"": [""bipolar""], ""source_basis"": ""distilled_non_verbatim"", ""source_ids"": [""NP-005"", ""NP-020"", ""TC-001""], ""verbatim_review_text"": false}"
POLAR-MODE-006,polar-earth-system-orchestrator,model_resolution_assimilation,Tuning and evaluation periods overlap,"Parameters are selected using the same period, event, or site used to claim predictive accuracy or mechanism fidelity.",Overfitting can be severe in short polar records.,"Separate calibration and evaluation by time and region, report pre-specified metrics, and test out-of-sample stability.",major,calibration; tuning; hindcast; validation period,"{""claim_type"": ""model evaluation"", ""region"": [""bipolar""], ""source_basis"": ""distilled_non_verbatim"", ""source_ids"": [""NP-006"", ""NP-009"", ""TC-010""], ""verbatim_review_text"": false}"
POLAR-MODE-007,polar-earth-system-orchestrator,model_resolution_assimilation,Subgrid scheme lacks scale-aware validation,"A subgrid process such as leads, melt ponds, snow redistribution, calving, drainage, or thermokarst is parameterized without validation across the operating range.",A tuned average behavior may fail under changing climate or geometry.,"Validate the scheme against process observations, test extrapolation, and report when the result depends on the closure.",major,subgrid; parameterization; melt pond; calving; drainage,"{""claim_type"": ""process parameterization"", ""region"": [""bipolar""], ""source_basis"": ""distilled_non_verbatim"", ""source_ids"": [""NP-004"", ""NP-010"", ""TC-005""], ""verbatim_review_text"": false}"
POLAR-MODE-008,polar-earth-system-orchestrator,model_resolution_assimilation,Scenario spread is mistaken for forecast uncertainty,A selected scenario set or forcing range is presented as the full uncertainty distribution.,"Scenario, internal-variability, parameter, observational, and structural uncertainties are distinct.","Decompose uncertainty sources and state whether results are conditional projections, scenarios, hindcasts, or forecasts.",major,scenario; projection; forecast; uncertainty range,"{""claim_type"": ""projection semantics"", ""region"": [""bipolar""], ""source_basis"": ""distilled_non_verbatim"", ""source_ids"": [""NP-005"", ""NP-020"", ""TC-006""], ""verbatim_review_text"": false}"
POLAR-ATTR-001,polar-earth-system-orchestrator,attribution_coupling_nonstationarity,Correlation is promoted to mechanism,"Covariation between sea ice, circulation, ocean heat, ecology, or greenhouse-gas flux is described as a causal process without discriminating evidence.","Common forcing, autocorrelation, or feedback can produce the same association.","Specify causal alternatives, use temporal or intervention-like evidence where possible, and calibrate language to association unless alternatives are excluded.",major,correlation; drives; controls; mechanism; feedback,"{""claim_type"": ""causal inference"", ""region"": [""bipolar""], ""source_basis"": ""distilled_non_verbatim"", ""source_ids"": [""NP-004"", ""NP-006"", ""NP-019""], ""verbatim_review_text"": false}"
POLAR-ATTR-002,polar-earth-system-orchestrator,attribution_coupling_nonstationarity,Internal variability is underrepresented,"A short trend or extreme event is attributed to external forcing without estimating variability from observations, large ensembles, or physically appropriate null models.",Polar variability is large and serially correlated.,"Quantify the expected distribution under internal variability, test sensitivity to trend window, and express attribution probabilistically.",major,attribution; internal variability; trend; extreme,"{""claim_type"": ""climate attribution"", ""region"": [""bipolar""], ""source_basis"": ""distilled_non_verbatim"", ""source_ids"": [""NP-003"", ""NP-007"", ""NP-014""], ""verbatim_review_text"": false}"
POLAR-ATTR-003,polar-earth-system-orchestrator,attribution_coupling_nonstationarity,Feedback direction is not identified,Coupled variables are interpreted as a one-way driver-response relation although reciprocal feedbacks are plausible.,The sign and timing of a feedback cannot be inferred from contemporaneous correlation.,"Use lagged/process evidence, perturbation experiments, or budget analysis to distinguish direction; otherwise present a coupled association.",major,feedback; coupling; lag; sea ice-ocean-atmosphere,"{""claim_type"": ""coupled-system mechanism"", ""region"": [""bipolar""], ""source_basis"": ""distilled_non_verbatim"", ""source_ids"": [""NP-004"", ""NP-006"", ""NP-019""], ""verbatim_review_text"": false}"
POLAR-ATTR-004,polar-earth-system-orchestrator,attribution_coupling_nonstationarity,Teleconnection pathway is incomplete,A remote climate mode is linked to a polar response without closing the dynamical pathway or testing competing modes and seasonality.,Shared trends and mode covariance can produce unstable attribution.,"Demonstrate the circulation pathway, test multivariate and detrended alternatives, and evaluate stability across periods or models.",major,teleconnection; oscillation; circulation; Arctic response,"{""claim_type"": ""dynamical attribution"", ""region"": [""arctic""], ""source_basis"": ""distilled_non_verbatim"", ""source_ids"": [""NP-007"", ""NP-003""], ""verbatim_review_text"": false}"
POLAR-ATTR-005,polar-earth-system-orchestrator,attribution_coupling_nonstationarity,Historical relationship assumed stationary,"An empirical climate, ecological, or proxy relationship is extrapolated into a regime with changing ice cover, stratification, species composition, or atmospheric moisture.",The predictor-response relation may change as the system reorganizes.,"Test time-varying parameters or regime interactions, diagnose extrapolation, and restrict forecasts to supported conditions.",major,nonstationary; future projection; empirical relationship,"{""claim_type"": ""nonstationarity"", ""region"": [""bipolar""], ""source_basis"": ""distilled_non_verbatim"", ""source_ids"": [""NP-005"", ""NP-006"", ""NP-020""], ""verbatim_review_text"": false}"
POLAR-ATTR-006,polar-earth-system-orchestrator,attribution_coupling_nonstationarity,Process timing is inconsistent with causation,The proposed driver does not precede the response at a physically plausible lag or the analysis averages away the relevant sequence.,Causal interpretation requires temporal ordering and compatible response times.,"Analyze event chronology and lags, compare alternative pathways, and revise the mechanism if timing is inconsistent.",major,lag; timing; immediate response; seasonal sequence,"{""claim_type"": ""temporal causality"", ""region"": [""bipolar""], ""source_basis"": ""distilled_non_verbatim"", ""source_ids"": [""NP-002"", ""NP-010"", ""NP-012""], ""verbatim_review_text"": false}"
POLAR-ATTR-007,polar-earth-system-orchestrator,attribution_coupling_nonstationarity,Counterfactual is not defined,"Terms such as anthropogenic contribution, policy benefit, tipping avoidance, or avoided warming are used without an explicit counterfactual experiment.",Attribution and intervention claims depend on what would have occurred otherwise.,"Define the counterfactual, justify forcing differences, quantify uncertainty, and separate scenario comparison from formal attribution.",major,counterfactual; policy; anthropogenic; avoided warming,"{""claim_type"": ""counterfactual attribution"", ""region"": [""bipolar""], ""source_basis"": ""distilled_non_verbatim"", ""source_ids"": [""NP-003"", ""NP-008"", ""NP-020""], ""verbatim_review_text"": false}"
POLAR-ATTR-008,polar-earth-system-orchestrator,attribution_coupling_nonstationarity,Mechanism depends on one diagnostic,"A broad process conclusion rests on a single index, composite, regression coefficient, or model diagnostic.",A diagnostic may be consistent with multiple mechanisms and sensitive to definition.,"Add convergent process evidence, test alternative diagnostics, and state which mechanism components remain inferred.",major,index; composite; regression; diagnostic,"{""claim_type"": ""mechanism evidence"", ""region"": [""bipolar""], ""source_basis"": ""distilled_non_verbatim"", ""source_ids"": [""NP-006"", ""NP-007"", ""NP-017""], ""verbatim_review_text"": false}"
POLAR-UNCE-001,polar-earth-system-orchestrator,uncertainty_statistics_validation,Serial and spatial dependence ignored,"Significance tests treat polar time series, pixels, stations, or model cells as independent.",Autocorrelation and spatial covariance inflate effective sample size and apparent certainty.,"Use dependence-aware uncertainty, report effective sample size, and test robustness across correlation models.",major,p value; pixels; time series; spatial autocorrelation,"{""claim_type"": ""statistical inference"", ""region"": [""bipolar""], ""source_basis"": ""distilled_non_verbatim"", ""source_ids"": [""NP-014"", ""NP-016"", ""NP-021""], ""verbatim_review_text"": false}"
POLAR-UNCE-002,polar-earth-system-orchestrator,uncertainty_statistics_validation,Uncertainty is not propagated to headline result,"Input, calibration, retrieval, age-model, density, forcing, or parameter uncertainties are listed but not propagated to the final trend, budget, or projection.",The headline confidence can be much narrower than the evidence supports.,"Propagate all material uncertainty sources, including covariance, and report their contribution to the final interval.",major,uncertainty propagation; error budget; confidence interval,"{""claim_type"": ""uncertainty analysis"", ""region"": [""bipolar""], ""source_basis"": ""distilled_non_verbatim"", ""source_ids"": [""NP-001"", ""NP-009"", ""NP-018"", ""STD-004""], ""verbatim_review_text"": false}"
POLAR-UNCE-003,polar-earth-system-orchestrator,uncertainty_statistics_validation,Sensitivity tests do not span plausible choices,"Robustness is claimed from a narrow set of thresholds, windows, products, priors, or model parameters selected near the preferred analysis.",A local perturbation does not test structural uncertainty.,"Predefine a plausible sensitivity space, include alternative products and methods, and show which conclusions survive.",major,sensitivity; threshold; window; parameter choice,"{""claim_type"": ""robustness analysis"", ""region"": [""bipolar""], ""source_basis"": ""distilled_non_verbatim"", ""source_ids"": [""NP-005"", ""NP-014"", ""TC-001""], ""verbatim_review_text"": false}"
POLAR-UNCE-004,polar-earth-system-orchestrator,uncertainty_statistics_validation,Multiple comparisons are unaccounted,"Large spatial, temporal, taxonomic, or parameter searches report selected significant patterns without multiplicity or selection correction.",False discoveries are likely and effect sizes may be inflated.,"Control the false-discovery process or use hierarchical models, report the search space, and validate selected patterns independently.",major,many pixels; many species; field significance; screening,"{""claim_type"": ""multiple testing"", ""region"": [""bipolar""], ""source_basis"": ""distilled_non_verbatim"", ""source_ids"": [""NP-006"", ""NP-013"", ""NP-016""], ""verbatim_review_text"": false}"
POLAR-UNCE-005,polar-earth-system-orchestrator,uncertainty_statistics_validation,Rare-event probability is overprecise,"The date or probability of an ice-free day, tipping event, extreme melt, or circulation threshold is estimated from too few effective samples.","Tail probabilities are highly sensitive to model dependence, threshold definition, and distributional assumptions.","Report interval and threshold sensitivity, effective sample size, and conditional probability wording rather than a precise deterministic date.",major,first event; return period; tipping probability; before 2030,"{""claim_type"": ""rare-event statistics"", ""region"": [""bipolar""], ""source_basis"": ""distilled_non_verbatim"", ""source_ids"": [""NP-005"", ""NP-008"", ""NP-020""], ""verbatim_review_text"": false}"
POLAR-UNCE-006,polar-earth-system-orchestrator,uncertainty_statistics_validation,Cross-validation leaks space or time,"Random splits place neighboring pixels, repeated sites, adjacent years, or derived samples in both train and test sets.",The evaluation measures interpolation rather than geographic or temporal transfer.,"Use blocked spatial and temporal validation, hold out entire sites or regions, and report out-of-domain performance.",major,random split; machine learning; cross-validation; spatial leakage,"{""claim_type"": ""predictive validation"", ""region"": [""bipolar""], ""source_basis"": ""distilled_non_verbatim"", ""source_ids"": [""NP-013"", ""NP-016"", ""NP-020""], ""verbatim_review_text"": false}"
POLAR-UNCE-007,polar-earth-system-orchestrator,uncertainty_statistics_validation,Baseline comparison is weak or mismatched,"A new method or model is compared with an outdated, differently forced, differently resolved, or insufficiently tuned baseline.",Apparent improvement may result from unequal information or setup.,"Use strong matched baselines, harmonize inputs and evaluation domains, and report uncertainty in performance differences.",major,benchmark; baseline; model comparison; skill,"{""claim_type"": ""comparative evaluation"", ""region"": [""bipolar""], ""source_basis"": ""distilled_non_verbatim"", ""source_ids"": [""NP-005"", ""NP-013"", ""TC-001""], ""verbatim_review_text"": false}"
POLAR-UNCE-008,polar-earth-system-orchestrator,uncertainty_statistics_validation,Confidence language exceeds validation domain,"The manuscript claims robustness, ubiquity, prediction, or early warning despite narrow data, one event, or an in-sample fit.",Statistical confidence within the sampled domain does not establish external validity.,Separate in-domain precision from transfer uncertainty and align language with the actual validation design.,major,robust; pervasive; predicts; early warning,"{""claim_type"": ""claim calibration"", ""region"": [""bipolar""], ""source_basis"": ""distilled_non_verbatim"", ""source_ids"": [""NP-008"", ""NP-013"", ""NP-016""], ""verbatim_review_text"": false}"
POLAR-ICE_-001,polar-earth-system-orchestrator,ice_sheet_glacier_dynamics,Grounding-line location uncertainty omitted,"Grounding-line migration or retreat is central, but the mapping method, tidal state, hydrostatic assumption, and positional uncertainty are not quantified.",Small positional errors can alter inferred retreat rate and process attribution.,"Describe the detection method, provide uncertainty and tidal sensitivity, and compare independent observations where available.",major,grounding line; migration; retreat; tidal flexure,"{""claim_type"": ""ice dynamics"", ""region"": [""antarctic"", ""greenland""], ""source_basis"": ""distilled_non_verbatim"", ""source_ids"": [""NP-010"", ""NP-011""], ""verbatim_review_text"": false}"
POLAR-ICE_-002,polar-earth-system-orchestrator,ice_sheet_glacier_dynamics,Calving attribution ignores geometry and stress history,"A calving event is attributed to climate forcing without considering rift history, pinning points, mélange, geometry, and preconditioning.",Calving can be a delayed geometric instability rather than an immediate climate response.,"Reconstruct stress and geometry evolution, test alternative triggers, and distinguish event timing from long-term forcing.",major,calving; rift; ice shelf; geometry,"{""claim_type"": ""calving mechanism"", ""region"": [""antarctic"", ""arctic""], ""source_basis"": ""distilled_non_verbatim"", ""source_ids"": [""NP-012"", ""TC-003""], ""verbatim_review_text"": false}"
POLAR-ICE_-003,polar-earth-system-orchestrator,ice_sheet_glacier_dynamics,Ocean-temperature metric is not dynamically relevant,"Offshore, depth-averaged, or sparse temperature is used as the forcing for glacier or ice-shelf melt without demonstrating access to the ice interface.","Circulation, bathymetry, stratification, and mixing control heat delivery.","Use cavity or fjord-relevant thermal forcing, demonstrate pathways, and quantify lag and transport uncertainty.",major,ocean warming; thermal forcing; cavity; fjord,"{""claim_type"": ""ocean-ice forcing"", ""region"": [""antarctic"", ""greenland"", ""arctic""], ""source_basis"": ""distilled_non_verbatim"", ""source_ids"": [""NP-009"", ""NP-012"", ""NP-018""], ""verbatim_review_text"": false}"
POLAR-ICE_-004,polar-earth-system-orchestrator,ice_sheet_glacier_dynamics,Bed or bathymetry uncertainty is underexplored,"Conclusions about stability, retreat, or melt depend on poorly resolved bed or seafloor geometry.","Geometry uncertainty can change circulation, grounding-line stability, and stress transmission.",Propagate alternative bed/bathymetry realizations and identify conclusions that remain robust.,major,bed topography; bathymetry; seafloor roughness; stability,"{""claim_type"": ""geometry uncertainty"", ""region"": [""antarctic"", ""greenland""], ""source_basis"": ""distilled_non_verbatim"", ""source_ids"": [""NP-009"", ""NP-010"", ""TC-008""], ""verbatim_review_text"": false}"
POLAR-ICE_-005,polar-earth-system-orchestrator,ice_sheet_glacier_dynamics,Dynamic and climatic mass loss are not separated,"Observed retreat or thinning is attributed to atmospheric or oceanic forcing without separating dynamic adjustment, calving, surface balance, and basal melt.",Different mechanisms imply different persistence and projections.,Partition components using independent observations or models and calibrate attribution to what can be resolved.,major,dynamic thinning; surface balance; basal melt; calving,"{""claim_type"": ""mass-loss attribution"", ""region"": [""bipolar""], ""source_basis"": ""distilled_non_verbatim"", ""source_ids"": [""NP-010"", ""NP-012"", ""NP-018""], ""verbatim_review_text"": false}"
POLAR-ICE_-006,polar-earth-system-orchestrator,ice_sheet_glacier_dynamics,Ice-shelf buttressing claim lacks stress evidence,Loss or thinning of floating ice is assumed to increase grounded-ice discharge without quantifying buttressing or stress transfer.,Not all floating ice exerts the same dynamic control.,Calculate buttressing or stress sensitivity and identify the grounded catchments dynamically connected to the change.,major,buttressing; ice shelf loss; grounded discharge,"{""claim_type"": ""dynamic coupling"", ""region"": [""antarctic"", ""greenland""], ""source_basis"": ""distilled_non_verbatim"", ""source_ids"": [""NP-009"", ""NP-010"", ""TC-003""], ""verbatim_review_text"": false}"
POLAR-ICE_-007,polar-earth-system-orchestrator,ice_sheet_glacier_dynamics,Glacier inventory changes through time,"Trend analysis mixes glacier outlines, merges/splits, surge states, or inclusion criteria across epochs.",Inventory inconsistency can generate artificial area and retreat trends.,"Use a stable inventory or document lineage, treat surge-type glaciers separately, and quantify mapping uncertainty.",major,glacier inventory; outline; surge; retreat trend,"{""claim_type"": ""glacier mapping"", ""region"": [""arctic"", ""mountain""], ""source_basis"": ""distilled_non_verbatim"", ""source_ids"": [""NP-016"", ""NP-012""], ""verbatim_review_text"": false}"
POLAR-ICE_-008,polar-earth-system-orchestrator,ice_sheet_glacier_dynamics,Tipping language lacks state-space evidence,"Abrupt past or modeled change is labeled a tipping point without demonstrating multiple states, hysteresis, threshold behavior, or self-sustaining change.",Rapid response alone is not evidence of tipping dynamics.,"Define the tipping criterion, test hysteresis or recovery, and use calibrated language if only abrupt change is established.",major,tipping point; threshold; hysteresis; irreversible,"{""claim_type"": ""stability claim"", ""region"": [""antarctic"", ""greenland""], ""source_basis"": ""distilled_non_verbatim"", ""source_ids"": [""NP-008"", ""NP-010""], ""verbatim_review_text"": false}"
POLAR-SEA_-001,polar-earth-system-orchestrator,sea_ice_ocean_atmosphere,Ice-free threshold is not explicit,"An ice-free Arctic, ice-free day, or seasonal loss is discussed without a concentration, extent, area, region, or duration threshold.",Event timing and probability depend strongly on the operational definition.,Define the metric and threshold before analysis and report sensitivity to accepted alternatives.,major,ice-free; threshold; first day; September minimum,"{""claim_type"": ""sea-ice event"", ""region"": [""arctic""], ""source_basis"": ""distilled_non_verbatim"", ""source_ids"": [""NP-005"", ""TC-002""], ""verbatim_review_text"": false}"
POLAR-SEA_-002,polar-earth-system-orchestrator,sea_ice_ocean_atmosphere,Wind stress transfer ignores ice mechanics,"Surface stress or ocean spin-up is linked to sea-ice loss without resolving internal ice stress, concentration, thickness, drag, and seasonal regime.",The same wind can transfer different momentum depending on ice state and rheology.,Diagnose the full momentum budget and test sensitivity to drag and rheology choices.,major,wind stress; ice weakening; ocean spin-up; drag,"{""claim_type"": ""momentum coupling"", ""region"": [""arctic""], ""source_basis"": ""distilled_non_verbatim"", ""source_ids"": [""NP-004""], ""verbatim_review_text"": false}"
POLAR-SEA_-003,polar-earth-system-orchestrator,sea_ice_ocean_atmosphere,Sea-ice effect on stratification lacks competing freshwater controls,"Winter stratification or carbon uptake is attributed to sea ice without separating brine rejection, meltwater, river input, precipitation, mixing, and advection.",Several freshwater and mixing pathways can create the same stratification signal.,Close the salinity and mixing budget and test whether the sea-ice pathway is uniquely supported.,major,stratification; brine; freshwater; carbon uptake,"{""claim_type"": ""ocean stratification"", ""region"": [""bipolar""], ""source_basis"": ""distilled_non_verbatim"", ""source_ids"": [""NP-019"", ""NP-004""], ""verbatim_review_text"": false}"
POLAR-SEA_-004,polar-earth-system-orchestrator,sea_ice_ocean_atmosphere,Biological-pump response is inferred from proxies alone,"Export or carbon sequestration is inferred from production, community composition, sediment traps, or model diagnostics without closing remineralization and export pathways.",Higher production does not necessarily increase long-term export.,"Measure or constrain export efficiency, remineralization, depth horizon, and seasonal integration; narrow the claim if only production changes are shown.",major,biological pump; export; productivity; carbon sequestration,"{""claim_type"": ""biogeochemistry"", ""region"": [""arctic"", ""southern_ocean""], ""source_basis"": ""distilled_non_verbatim"", ""source_ids"": [""NP-006"", ""NP-019""], ""verbatim_review_text"": false}"
POLAR-SEA_-005,polar-earth-system-orchestrator,sea_ice_ocean_atmosphere,Marginal ice zone migration confounds trend,Ecological or oceanographic differences are attributed to ice decline although sampling follows a moving ice edge or habitat boundary.,The comparison may substitute different water masses or habitats rather than track change at fixed conditions.,"Use a coordinate system relative to both geography and ice edge, and separate habitat relocation from temporal change.",major,marginal ice zone; ice edge; transect; habitat shift,"{""claim_type"": ""moving boundary"", ""region"": [""bipolar""], ""source_basis"": ""distilled_non_verbatim"", ""source_ids"": [""NP-006"", ""NP-013""], ""verbatim_review_text"": false}"
POLAR-SEA_-006,polar-earth-system-orchestrator,sea_ice_ocean_atmosphere,Atmospheric-river detection is algorithm-dependent,Future atmospheric-river frequency or impact is assessed with one detection threshold or tracking algorithm in a changing moisture climate.,Fixed thresholds can convert thermodynamic moistening into artificial frequency change.,"Compare absolute and relative thresholds, multiple algorithms, and impact-based diagnostics; report algorithm dependence.",major,atmospheric river; detection threshold; Antarctica,"{""claim_type"": ""event detection"", ""region"": [""antarctic""], ""source_basis"": ""distilled_non_verbatim"", ""source_ids"": [""NP-020""], ""verbatim_review_text"": false}"
POLAR-SEA_-007,polar-earth-system-orchestrator,sea_ice_ocean_atmosphere,Sea-ice state change inferred without process consistency,"A new state or regime is declared from low extent alone without consistent evidence in thickness, seasonality, circulation, persistence, or restoring behavior.",One metric may reflect an extreme realization rather than system reorganization.,"Define the state vector, test persistence and multivariate consistency, and compare with internal-variability ensembles.",major,new sea ice state; regime shift; record low,"{""claim_type"": ""regime change"", ""region"": [""antarctic"", ""arctic""], ""source_basis"": ""distilled_non_verbatim"", ""source_ids"": [""NP-014"", ""NP-005""], ""verbatim_review_text"": false}"
POLAR-SEA_-008,polar-earth-system-orchestrator,sea_ice_ocean_atmosphere,Ocean circulation proxy is non-unique,"Sediment, grain-size, geochemical, or water-mass proxies are interpreted as current strength without excluding source, productivity, preservation, or frontal-position effects.",Multiple processes can alter the proxy independently of transport.,"Use a multi-proxy calibration and model/modern constraints, and distinguish current strength from related water-mass changes.",major,ACC strength; circulation proxy; sediment; water mass,"{""claim_type"": ""paleo-oceanography"", ""region"": [""southern_ocean""], ""source_basis"": ""distilled_non_verbatim"", ""source_ids"": [""NP-017"", ""NP-023""], ""verbatim_review_text"": false}"
POLAR-PERM-001,polar-earth-system-orchestrator,permafrost_ecology_biogeochemistry,Ground-temperature trend is generalized to degradation,"A temperature increase at boreholes is described as widespread thaw, ground-ice loss, or landscape collapse without corresponding state observations.","Thermal response and physical degradation differ by depth, ice content, hydrology, and substrate.","Report depth-specific temperatures and add active-layer, deformation, or ground-ice evidence before claiming degradation.",major,ground temperature; thaw; degradation; borehole,"{""claim_type"": ""permafrost change"", ""region"": [""arctic"", ""mountain""], ""source_basis"": ""distilled_non_verbatim"", ""source_ids"": [""NP-021"", ""NP-022""], ""verbatim_review_text"": false}"
POLAR-PERM-002,polar-earth-system-orchestrator,permafrost_ecology_biogeochemistry,Model permafrost process is not benchmarked,"A land model produces permafrost extent or carbon feedback without testing snow insulation, soil physics, organic layers, hydrology, and excess ice.",Compensating errors can match temperature while misrepresenting process and future response.,"Benchmark process diagnostics against observations and perturb structural choices, not only bulk extent.",major,CMIP6; land model; soil physics; permafrost,"{""claim_type"": ""permafrost model"", ""region"": [""arctic""], ""source_basis"": ""distilled_non_verbatim"", ""source_ids"": [""TC-001"", ""NP-022""], ""verbatim_review_text"": false}"
POLAR-PERM-003,polar-earth-system-orchestrator,permafrost_ecology_biogeochemistry,Carbon release is inferred from thaw extent,Projected thaw area or active-layer deepening is translated directly into carbon or methane emissions.,"Emission depends on substrate, hydrology, redox state, microbial processing, transport, and oxidation.","Use process-resolving carbon evidence, separate potential stock from realized flux, and report pathway uncertainty.",major,permafrost carbon; methane; thaw extent; active layer,"{""claim_type"": ""carbon feedback"", ""region"": [""arctic""], ""source_basis"": ""distilled_non_verbatim"", ""source_ids"": [""TC-001"", ""NP-024""], ""verbatim_review_text"": false}"
POLAR-PERM-004,polar-earth-system-orchestrator,permafrost_ecology_biogeochemistry,Microbiome model extrapolates beyond sampled systems,"A predictive ecological model trained on accessible glacier-fed streams is applied globally without covering climate, geology, hydrology, and biogeographic domains.",Out-of-domain ecological prediction can be confidently wrong.,"Map environmental coverage, use leave-region-out validation, quantify extrapolation, and limit global claims to supported domains.",major,global microbiome; glacier-fed stream; prediction,"{""claim_type"": ""ecological prediction"", ""region"": [""bipolar"", ""mountain""], ""source_basis"": ""distilled_non_verbatim"", ""source_ids"": [""NP-013""], ""verbatim_review_text"": false}"
POLAR-PERM-005,polar-earth-system-orchestrator,permafrost_ecology_biogeochemistry,Community composition is equated with ecosystem function,"Taxonomic or gene-marker shifts are interpreted as changes in productivity, export, greenhouse-gas cycling, or resilience without functional measurement.",Composition does not uniquely determine realized process rates.,"Add rate or functional assays, triangulate with biogeochemistry, and calibrate functional language.",major,community composition; function; microbiome; productivity,"{""claim_type"": ""ecological mechanism"", ""region"": [""bipolar""], ""source_basis"": ""distilled_non_verbatim"", ""source_ids"": [""NP-006"", ""NP-013"", ""NP-024""], ""verbatim_review_text"": false}"
POLAR-PERM-006,polar-earth-system-orchestrator,permafrost_ecology_biogeochemistry,Freshwater methane filter lacks system boundary,"Oxidation or filtering efficiency is interpreted as a fixed ecosystem property without testing residence time, stratification, oxygen, transport, and seasonality.",A high local oxidation fraction may not predict net annual emission under changing hydrology.,"Define the control volume and period, quantify gross production, oxidation, storage, and evasion, and test warming-induced transport changes.",major,methane filter; oxidation; freshwater emission; warming,"{""claim_type"": ""methane budget"", ""region"": [""arctic"", ""boreal""], ""source_basis"": ""distilled_non_verbatim"", ""source_ids"": [""NP-024""], ""verbatim_review_text"": false}"
POLAR-PERM-007,polar-earth-system-orchestrator,permafrost_ecology_biogeochemistry,Ice-loss effect confounded by co-varying drivers,"Ecological change attributed to sea-ice or glacier loss is not separated from temperature, nutrients, light, freshwater, turbidity, habitat, and circulation.",Co-varying climate drivers can produce a spurious single-driver narrative.,"Use experiments, natural gradients, mediation, or process models to discriminate drivers and report unresolved confounding.",major,sea ice loss; glacier retreat; ecosystem response,"{""claim_type"": ""ecological attribution"", ""region"": [""bipolar""], ""source_basis"": ""distilled_non_verbatim"", ""source_ids"": [""NP-006"", ""NP-013""], ""verbatim_review_text"": false}"
POLAR-PERM-008,polar-earth-system-orchestrator,permafrost_ecology_biogeochemistry,Ecological baseline is shifting or incomplete,"A short modern baseline is treated as undisturbed or representative despite rapid warming, harvest, pollution, or earlier cryosphere change.",Effect size and novelty depend on the reference state.,"Justify the baseline with historical, paleo, or long-term data and show sensitivity to alternative reference periods.",major,baseline; pristine; historical state; rapid change,"{""claim_type"": ""baseline selection"", ""region"": [""bipolar""], ""source_basis"": ""distilled_non_verbatim"", ""source_ids"": [""NP-006"", ""NP-013"", ""NP-024""], ""verbatim_review_text"": false}"
POLAR-PALE-001,polar-earth-system-orchestrator,paleoclimate_proxy_chronology,Age uncertainty is omitted from phase relation,"Lead-lag, synchrony, abruptness, or event duration is interpreted without propagating age-model uncertainty and correlation between dated levels.",Chronological uncertainty may be larger than the claimed lag.,"Use age ensembles, propagate correlated age uncertainty, and report whether phase conclusions survive.",major,age model; lead lag; synchronization; chronology,"{""claim_type"": ""chronological inference"", ""region"": [""bipolar""], ""source_basis"": ""distilled_non_verbatim"", ""source_ids"": [""NP-015"", ""NP-017"", ""NP-023"", ""TC-004""], ""verbatim_review_text"": false}"
POLAR-PALE-002,polar-earth-system-orchestrator,paleoclimate_proxy_chronology,Proxy calibration is outside its environmental range,"A modern calibration is applied to glacial, interglacial, or polar conditions with different ecology, chemistry, seasonality, or preservation.",The transfer function may not be stable outside the calibration domain.,"Show calibration coverage, test nonstationarity and alternative proxies, and report extrapolation uncertainty.",major,transfer function; calibration range; proxy; glacial,"{""claim_type"": ""proxy calibration"", ""region"": [""bipolar""], ""source_basis"": ""distilled_non_verbatim"", ""source_ids"": [""NP-001"", ""NP-015"", ""NP-023""], ""verbatim_review_text"": false}"
POLAR-PALE-003,polar-earth-system-orchestrator,paleoclimate_proxy_chronology,Post-depositional alteration is underconstrained,"Ice-core isotope, aerosol, gas, snow, or sediment signals are interpreted as direct climate records without quantifying diffusion, wind redistribution, melt, bioturbation, or chemical alteration.","Archive formation can filter, shift, or erase the environmental signal.",Model or measure post-depositional processes and state the temporal and amplitude resolution retained by the archive.,major,post-depositional; diffusion; wind redistribution; isotope,"{""claim_type"": ""archive process"", ""region"": [""antarctic"", ""arctic""], ""source_basis"": ""distilled_non_verbatim"", ""source_ids"": [""TC-009"", ""NP-001""], ""verbatim_review_text"": false}"
POLAR-PALE-004,polar-earth-system-orchestrator,paleoclimate_proxy_chronology,Sampling resolution cannot resolve claimed event,"The archive sampling interval, smoothing, sedimentation, diffusion, or dating precision is too coarse for the event duration being inferred.","An unresolved event cannot be used to establish absence, timing, or abruptness.","Quantify the effective resolution, use forward-model tests, and narrow event-scale claims.",major,sampling resolution; abrupt event; ice core; sediment core,"{""claim_type"": ""temporal resolution"", ""region"": [""bipolar""], ""source_basis"": ""distilled_non_verbatim"", ""source_ids"": [""NP-015"", ""NP-023"", ""TC-004""], ""verbatim_review_text"": false}"
POLAR-PALE-005,polar-earth-system-orchestrator,paleoclimate_proxy_chronology,Single proxy is assigned a unique mechanism,"One geochemical, isotopic, sedimentological, or biological proxy is interpreted as a unique temperature, storm, circulation, or ice-cover signal.",Most proxies have multiple environmental and depositional controls.,Use independent proxies and process calibration to discriminate controls; present residual ambiguity explicitly.,major,single proxy; temperature; storminess; circulation,"{""claim_type"": ""multi-proxy inference"", ""region"": [""bipolar""], ""source_basis"": ""distilled_non_verbatim"", ""source_ids"": [""NP-001"", ""NP-015"", ""NP-017"", ""NP-023""], ""verbatim_review_text"": false}"
POLAR-PALE-006,polar-earth-system-orchestrator,paleoclimate_proxy_chronology,Core synchronization is circular,Records are aligned using the same climatic feature whose simultaneity or propagation is then claimed.,Tuning can manufacture apparent synchrony and suppress age uncertainty.,Use independent tie points where possible and repeat the analysis across untuned age ensembles.,major,synchronization; tuning; tie point; simultaneous,"{""claim_type"": ""record alignment"", ""region"": [""antarctic"", ""arctic""], ""source_basis"": ""distilled_non_verbatim"", ""source_ids"": [""TC-004"", ""NP-023""], ""verbatim_review_text"": false}"
POLAR-PALE-007,polar-earth-system-orchestrator,paleoclimate_proxy_chronology,Past threshold is transferred directly to future,"A paleoclimate transition is used as a quantitative future threshold without accounting for different forcing rates, geometry, boundary conditions, and initial states.",Analogues constrain possibilities but may not predict a modern threshold.,Separate qualitative analogue evidence from quantitative projection and test transfer with process models.,major,past analogue; future tipping; Last Interglacial,"{""claim_type"": ""paleo-future transfer"", ""region"": [""antarctic"", ""greenland""], ""source_basis"": ""distilled_non_verbatim"", ""source_ids"": [""NP-008"", ""NP-017""], ""verbatim_review_text"": false}"
POLAR-PALE-008,polar-earth-system-orchestrator,paleoclimate_proxy_chronology,Source area and transport change over time,"A sediment or aerosol proxy assumes a fixed source although fronts, winds, currents, erosion, and catchment routing may shift.",Changing provenance can mimic changes in the target climate variable.,"Use provenance tracers, transport modeling, and sensitivity to source-area change.",major,provenance; sediment source; transport; proxy,"{""claim_type"": ""source attribution"", ""region"": [""bipolar""], ""source_basis"": ""distilled_non_verbatim"", ""source_ids"": [""NP-015"", ""NP-023""], ""verbatim_review_text"": false}"
POLAR-RESE-001,polar-earth-system-orchestrator,research_responsibility_governance,Indigenous knowledge is treated as extractable data,"Community or Indigenous knowledge is incorporated without evidence of appropriate governance, consent, attribution, benefit, or interpretive authority.",Knowledge use can be scientifically invalid and ethically harmful when detached from its holders and context.,"Describe co-design and governance, permissions, data stewardship, attribution, benefits, and limits on reuse; involve relevant knowledge holders in interpretation.",major,Indigenous knowledge; traditional knowledge; community data,"{""claim_type"": ""research governance"", ""region"": [""arctic""], ""source_basis"": ""distilled_non_verbatim"", ""source_ids"": [""STD-007""], ""verbatim_review_text"": false}"
POLAR-RESE-002,polar-earth-system-orchestrator,research_responsibility_governance,Community relevance is claimed without participation,"The paper makes claims about Arctic community needs, impacts, adaptation, or policy without meaningful participation by affected communities.",Researcher-defined relevance may misrepresent priorities and consequences.,Document engagement and co-production or narrow the claim to biophysical findings without asserting community relevance.,major,community impact; adaptation; local relevance; Arctic residents,"{""claim_type"": ""societal claim"", ""region"": [""arctic""], ""source_basis"": ""distilled_non_verbatim"", ""source_ids"": [""STD-007""], ""verbatim_review_text"": false}"
POLAR-RESE-003,polar-earth-system-orchestrator,research_responsibility_governance,Sensitive location data are released without safeguards,"Coordinates or ecological, cultural, archaeological, subsistence, or protected-species data are shared without a sensitivity assessment.","Open release can create harm, disturbance, or loss of community control.","Apply appropriate access controls, aggregate or redact locations, and document governance decisions.",major,sensitive coordinates; sacred site; harvesting; protected species,"{""claim_type"": ""data governance"", ""region"": [""bipolar""], ""source_basis"": ""distilled_non_verbatim"", ""source_ids"": [""STD-007"", ""STD-008""], ""verbatim_review_text"": false}"
POLAR-RESE-004,polar-earth-system-orchestrator,research_responsibility_governance,Antarctic protected-area or permit context is absent,"Research in or affecting protected areas, fauna, flora, or regulated sampling does not report relevant authorization or management-plan compliance.","Missing compliance information can undermine legality, reproducibility, and environmental interpretation.","Report permits and area status where applicable, describe compliance and impacts, and avoid legal conclusions beyond the evidence.",major,ASPA; permit; Antarctic sampling; protected area,"{""claim_type"": ""environmental compliance"", ""region"": [""antarctic""], ""source_basis"": ""distilled_non_verbatim"", ""source_ids"": [""STD-008""], ""verbatim_review_text"": false}"
POLAR-RESE-005,polar-earth-system-orchestrator,research_responsibility_governance,Research disturbance is not considered,"Field installation, drilling, sampling, wildlife approach, tracer release, vehicle use, or repeated visitation may alter the system being measured.","The method can create local contamination, disturbance, or behavioral response.","Assess and minimize disturbance, describe controls and permits, and discuss whether the signal could be method-induced.",major,drilling; sampling; wildlife; tracer; field installation,"{""claim_type"": ""field impact"", ""region"": [""bipolar""], ""source_basis"": ""distilled_non_verbatim"", ""source_ids"": [""STD-008"", ""STD-002""], ""verbatim_review_text"": false}"
POLAR-RESE-006,polar-earth-system-orchestrator,research_responsibility_governance,Policy recommendation exceeds evidence,"A local, model-conditional, or observational result is translated into broad mitigation, conservation, shipping, or governance advice without decision analysis.","Scientific association alone does not establish policy effectiveness, feasibility, distributional effects, or trade-offs.","Separate scientific findings from normative recommendations, define the decision context, and state evidence and uncertainty required for policy claims.",major,policy; mitigation; management; governance recommendation,"{""claim_type"": ""policy extrapolation"", ""region"": [""bipolar""], ""source_basis"": ""distilled_non_verbatim"", ""source_ids"": [""NP-003"", ""NP-008"", ""STD-007""], ""verbatim_review_text"": false}"
POLAR-RESE-007,polar-earth-system-orchestrator,research_responsibility_governance,Data sovereignty and authorship are unexplained,"Community-generated, national-program, expedition, or long-term monitoring data are used without clear stewardship, contributor recognition, or reuse terms.",Scientific reproducibility does not override legitimate governance and contribution rights.,"Document data agreements, access conditions, contributor roles, and attribution; follow community and programme requirements.",major,data sovereignty; authorship; monitoring programme; expedition data,"{""claim_type"": ""data stewardship"", ""region"": [""bipolar""], ""source_basis"": ""distilled_non_verbatim"", ""source_ids"": [""STD-007"", ""STD-002""], ""verbatim_review_text"": false}"
POLAR-RESE-008,polar-earth-system-orchestrator,research_responsibility_governance,Compliance review is presented as legal advice,The manuscript or review infers that a project is legally compliant or noncompliant from incomplete reporting.,Scientific reviewers are not a substitute for competent national authorities or legal review.,Flag missing documentation as a research-reporting risk and request authoritative confirmation rather than making a legal determination.,moderate,legal compliance; permit validity; treaty requirement,"{""claim_type"": ""review boundary"", ""region"": [""antarctic"", ""arctic""], ""source_basis"": ""distilled_non_verbatim"", ""source_ids"": [""STD-008""], ""verbatim_review_text"": false}"
